Lon,Lat,Name,Region,Part_of,Type,Passages,Location,Pleiades,ToposText,Wikidata,Manto,Altname,URL,Arachne
21.374,37.89,"Temple of Hades at Elis","Eleia Bk5 Bk6","Sanctuary of Hades at Elis",['naos'],['6.25.2'],"Sanctuary of Hades at Elis",NULL,NULL,NULL,NULL,NULL,NULL,NULL
21.63754,37.64094,"Sanctuary of Demeter Chamyne at Olympia","Eleia Bk5 Bk6",Olympia,['hieron'],['6.21.1'],NULL,https://pleiades.stoa.org/places/469444289,https://topostext.org/place/376216SDCh,https://wikidata.org/wiki/Q97446599,https://resource.manto.unh.edu/10268821,NULL,NULL,NULL
23.58944,38.46276,Euripos,"Euboea (island)","Euboian Gulf",['settlement'],"['1.23.3','1.38.1','2.24.6','5.23.2','6.13.8','7.7.6','9.12.6','9.19.6','9.22.5','9.31.3']",NULL,https://pleiades.stoa.org/places/540783,NULL,https://wikidata.org/wiki/Q1137741,NULL,NULL,NULL,NULL
23.42372,37.74991,"Aigina polity","Aigina island Bk2","Aigina island Bk2",['polis'],"['1.44.9','2.29.6','6.9.3','7.5.5']",NULL,https://pleiades.stoa.org/places/579853,https://topostext.org/place/378234PAig,https://wikidata.org/wiki/Q191082,NULL,"Aegina polis",NULL,NULL
22.43516,38.9046,Lamia,"Hellas (Europe)",Phthiotis,['settlement'],"['1.1.3','1.4.3','1.8.2','10.3.4','6.4.7','7.10.4','7.10.5','7.15.2','7.6.5']",NULL,https://pleiades.stoa.org/places/540902,NULL,https://wikidata.org/wiki/Q192980,NULL,NULL,NULL,NULL
21.631,37.641,"summit of Kronion Mt. at Olympia","Eleia Bk5 Bk6",Kronion,['koryphe'],['6.20.1'],Kronion,NULL,NULL,NULL,NULL,NULL,NULL,NULL
27.52785,37.8507,"Magnesia ad Maeandrum/Leukophrys","Asia Minor (Asia)","Ionia (region)",['settlement'],"['1.1.2','5.21.10','6.17.3']",NULL,https://pleiades.stoa.org/places/599778,NULL,https://wikidata.org/wiki/Q1432674,NULL,NULL,NULL,NULL
21.374,37.89,"small building for Sosipolis on left of Tyche in Elis","Eleia Bk5 Bk6","Elis polis",['oikema'],['6.25.4'],"Elis polis",NULL,NULL,NULL,NULL,NULL,NULL,NULL
39,19.5,"Seria island in the Red Sea","Asia (continent)","Erythraeum Mare",['nesos'],['6.26.9'],"Erythraeum Mare",NULL,NULL,NULL,NULL,NULL,NULL,NULL
26.858519999999995,39.69936,"Ida (mountain)","Asia Minor (Asia)",Troas,['oros'],"['10.12.3','10.12.4','3.13.5','6.4.9','7.3.8']",NULL,https://pleiades.stoa.org/places/550592,NULL,https://wikidata.org/wiki/Q1127771,NULL,NULL,NULL,NULL
21.630126,37.637849,"Stele of Chionis at Olympia","Eleia Bk5 Bk6",Olympia,['stele'],['6.13.5'],Olympia,NULL,NULL,NULL,NULL,NULL,NULL,NULL
16.25,39.25,"Sabutus (river)","Italia (Europe)","Italia (Europe)",['potamos'],['6.6.11'],NULL,https://pleiades.stoa.org/places/452424,NULL,https://wikidata.org/wiki/Q605363,NULL,NULL,NULL,NULL
15.002988,37.279759,"Leontini, Lentini","Sicilia (island)","Sicilia (island)",['polis'],['6.17.9'],NULL,https://pleiades.stoa.org/places/462279,NULL,https://wikidata.org/wiki/Q3830644,NULL,NULL,NULL,NULL
42.5,12.5,Abasa,"Asia (continent)","Erythraeum Mare",['nesos'],['6.26.9'],NULL,https://pleiades.stoa.org/places/39262,NULL,NULL,NULL,Abasenoi?,NULL,NULL
22.305,37.533,Mainalos,"Arcadia Bk8","Arcadia Bk8",['polis'],"['5.27.1','6.6.1','6.6.3','6.8.5','8.27.3','8.3.4','8.36.5','8.36.8','8.9.3','8.9.4']",NULL,https://pleiades.stoa.org/places/570451,NULL,https://wikidata.org/wiki/Q11936450,NULL,NULL,NULL,NULL
21.6296,37.638,"Hippodamion at Olympia","Eleia Bk5 Bk6","Altis sacred grove (Olympia)","['hieron','mnema']","['5.22.2','6.20.7']",NULL,NULL,https://topostext.org/place/376216SHpd,https://wikidata.org/wiki/Q1619976,https://resource.manto.unh.edu/10217964,NULL,NULL,NULL
22.7145,37.9834,"Sicyon (Sikyonia)","Sikyonia Bk2","Sikyonia Bk2",['polis'],"['1.25.4','1.27.5','10.11.6','10.8.5','2.1.1','2.10.1','2.10.6','2.11.2','2.11.3','2.11.5','2.12.2','2.12.3','2.13.1','2.15.1','2.25.5','2.25.6','2.3.10','2.3.6','2.4.4','2.5.2','2.5.5','2.5.6','2.5.8','2.6.2','2.6.5','2.6.6','2.6.7','2.7.1','2.7.2','2.7.3','2.7.6','2.7.7','2.7.9','2.8.1','2.9.2','2.9.4','4.10.6','4.11.8','4.14.1','4.15.7','5.18.7','5.21.3','6.3.3','7.1.1','7.23.8','7.26.12','7.26.13','7.26.2','7.26.6','7.27.12','7.6.1','8.1.2']",NULL,https://pleiades.stoa.org/places/570668,https://topostext.org/place/380227PSik,https://wikidata.org/wiki/Q368628,NULL,Sikyon,NULL,NULL
22.6337672,38.8678937,Phthiotis,"Hellas (Europe)","Hellas (Europe)",['chora'],"['10.20.6','6.11.5','7.1.6']",NULL,https://pleiades.stoa.org/places/541052,NULL,https://wikidata.org/wiki/Q2089144,NULL,NULL,NULL,NULL
12.4843457,41.89262,Rome,"Italia (Europe)","Roman empire",['polis'],"['10.34.4','10.36.6','10.8.6','2.1.2','2.21.6','4.35.10','5.25.8','6.9.3','7.10.11','7.10.12','7.12.2','7.12.7','7.12.8','7.12.9','7.13.5','7.14.1','7.14.3','7.14.5','7.22.5','7.22.9','7.8.6','7.9.1','7.9.4','7.9.6','8.17.4','9.27.3','9.27.4']",NULL,https://pleiades.stoa.org/places/423025,NULL,https://wikidata.org/wiki/Q18287233,NULL,Roma,NULL,NULL
25.3,38.1,"Aegean Sea (Hellas)",NULL,"Internum Mare",['thalassa'],"['1.1.1','1.1.2','1.1.3','1.1.5','1.12.5','1.13.2','1.17.3','1.22.4','1.23.3','1.26.5','1.27.9','1.28.11','1.31.1','1.32.7','1.33.2','1.34.1','1.35.5','1.38.1','1.38.4','1.4.3','1.4.5','1.8.1','1.9.7','2.12.2','2.22.1','2.26.9','2.29.10','2.29.6','2.30.7','2.34.6','2.34.8','2.36.4','2.36.6','2.36.7','2.37.1','2.37.2','2.38.1','2.38.4','2.5.3','4.34.12','5.21.10','5.23.2','6.16.5','8.14.12','9.11.5','9.15.5']",NULL,https://pleiades.stoa.org/places/560221,https://topostext.org/place/381253WAeg,https://wikidata.org/wiki/Q34575,NULL,NULL,NULL,NULL
0.5,41.5,"Iberi (Spain)",Europe,Europe,['chora'],['6.19.3'],NULL,https://pleiades.stoa.org/places/246423,https://topostext.org/place/390000RIbe,https://wikidata.org/wiki/Q190992,NULL,Iberia,NULL,NULL
27.453939999999996,38.5668,Sipylos,"Asia Minor (Asia)","Lydia (province)",['oros'],"['1.21.3','1.24.8','2.22.3','3.22.4','5.13.7','6.22.1','7.24.13','7.27.12','8.17.3','8.2.7','8.38.10']",NULL,https://pleiades.stoa.org/places/550884,NULL,https://wikidata.org/wiki/Q532698,NULL,"Mount Sipylus /Manisa Dağı",NULL,NULL
22.792,36.8,"Akriai (Lakonia)","Lakonia Bk3","Lakonia Bk3",['polis'],"['3.21.7','3.22.4','3.22.6','3.22.9','6.21.10']",NULL,https://pleiades.stoa.org/places/570058,https://topostext.org/place/368228UAkr,https://wikidata.org/wiki/Q25858222,NULL,NULL,NULL,NULL
21.6336,37.637,"Tomb of Dameon and his horse at Olympia, perhaps Taraxippos","Eleia Bk5 Bk6","Hippodrome (Olympia)",['mnema'],['6.20.16'],"Hippodrome (Olympia)",NULL,NULL,NULL,NULL,NULL,NULL,NULL
18.3062,40.388,"harbor built by Hadrian","Italia (Europe)","Italia (Europe)",['limen'],['6.19.9'],NULL,https://pleiades.stoa.org/places/442607,NULL,https://wikidata.org/wiki/Q2577829,NULL,"San Cataldo?",NULL,NULL
29.318359999999995,36.355934,Xanthos,"Asia Minor (Asia)","Lycia region",['polis'],['6.13.3'],NULL,https://pleiades.stoa.org/places/639166,NULL,https://wikidata.org/wiki/Q464936,NULL,NULL,NULL,NULL
18.490953,40.145948,Hydruntum/Hydrous,"Italia (Europe)","Italia (Europe)",['settlement'],['6.19.9'],NULL,https://pleiades.stoa.org/places/442615,NULL,https://wikidata.org/wiki/Q52174,NULL,NULL,NULL,NULL
35.238333,31.928332999999995,"Tomb of Silenos in Judaea","Asia (continent)",Iudaea,['mnema'],['6.24.8'],Iudaea,NULL,NULL,NULL,NULL,NULL,NULL,NULL
17.129,39.081,Croton,"Italia (Europe)","Italia (Europe)",['polis'],"['3.3.1','6.14.5','6.14.8','7.25.11']",NULL,https://pleiades.stoa.org/places/452317,NULL,https://wikidata.org/wiki/Q13526919,NULL,NULL,NULL,NULL
21.374,37.89,"Temple of Silenos at Elis","Eleia Bk5 Bk6","Elis polis",['naos'],['6.24.8'],"Elis polis",NULL,NULL,https://wikidata.org/wiki/Q107031206,NULL,NULL,NULL,NULL
21.6336,37.637,"Hippodrome (Olympia)","Eleia Bk5 Bk6",Olympia,"['choma ges','hippodrome']","['5.15.5','6.20.10','6.20.15','6.21.1']",NULL,NULL,https://topostext.org/place/376216BOHi,https://wikidata.org/wiki/Q19602775,NULL,NULL,NULL,NULL
26.1342335,38.37641,"Chios (polity)","Aegean Sea (Hellas)","Aegean Sea (Hellas)",['polis'],"['10.9.9','6.15.2','6.9.3','7.4.10']",NULL,https://pleiades.stoa.org/places/550496,NULL,https://wikidata.org/wiki/Q748832,NULL,NULL,NULL,NULL
21.7208,37.6487,"Sanctuary of Dionysos Leukyanites, near Leukyanias river, Elis","Eleia Bk5 Bk6","Eleia Bk5 Bk6",['hieron'],['6.21.5'],NULL,NULL,NULL,https://wikidata.org/wiki/Q107031183,NULL,NULL,NULL,NULL
26.78548,39.00699,"Arginous(s)ai Inss.","Asia Minor (Asia)",Aeolis,['battlefield'],['6.7.7'],NULL,https://pleiades.stoa.org/places/550449,NULL,https://wikidata.org/wiki/Q23822737,NULL,NULL,NULL,NULL
22.3584897,40.0862269,"Land around Olympos mountain","Hellas (Europe)","Olympos (mountain in Greece)",['chora'],['6.5.5'],"Olympos (mountain in Greece)",NULL,NULL,NULL,NULL,NULL,NULL,NULL
21.629,37.472,"Akidas river (Eleia)","Eleia Bk5 Bk6","Eleia Bk5 Bk6",['potamos'],"['5.18.6','5.5.8','5.5.9','6.21.6']",NULL,https://pleiades.stoa.org/places/573064,https://topostext.org/place/375216WAki,https://wikidata.org/wiki/Q3791516,NULL,NULL,NULL,NULL
21.374,37.89,"Palaistra of Maltho gymnasium of Elis","Eleia Bk5 Bk6","Maltho gymnasium at Elis",['palaistra'],['6.23.5'],"Maltho gymnasium at Elis",NULL,NULL,NULL,NULL,NULL,NULL,NULL
21.374,37.89,"Sanctuary of Dionysos at Elis with theater","Eleia Bk5 Bk6","Elis polis",['hieron'],['6.26.1'],"Elis polis",NULL,NULL,https://wikidata.org/wiki/Q107002764,NULL,NULL,NULL,NULL
21.925,37.186,"Ithome Mt. (Messenia)","Messenia Bk4","Messenia Bk4","['oros','settlement']","['1.29.8','10.38.10','3.11.8','4.1.3','4.10.1','4.11.2','4.11.4','4.12.2','4.12.5','4.12.9','4.13.6','4.14.2','4.15.1','4.20.4','4.23.6','4.24.6','4.24.7','4.26.3','4.26.7','4.29.2','4.29.5','4.3.9','4.31.4','4.33.1','4.9.1','4.9.2','4.9.4','6.3.13','8.50.5']",NULL,https://pleiades.stoa.org/places/570318,https://topostext.org/place/372219LIth,https://wikidata.org/wiki/Q602538,NULL,NULL,NULL,NULL
21.3746,37.8917,"Agora of Elis","Eleia Bk5 Bk6","Elis polis",['agora'],"['6.24.1','6.24.2','6.24.3','6.24.5','6.24.9','6.26.1']",NULL,NULL,https://topostext.org/place/379214XEAg,https://wikidata.org/wiki/Q106996940,NULL,NULL,NULL,NULL
22.7195,37.6316,"Argos (Argolid)","Argolid Bk2","Argolid Bk2",['polis'],"['1.13.7','1.13.8','1.14.2','1.25.4','1.27.10','1.33.1','1.41.1','1.43.7','1.43.8','10.10.5','10.35.1','10.8.5','2.13.1','2.15.1','2.15.2','2.15.4','2.16.1','2.16.2','2.16.3','2.18.1','2.18.5','2.18.7','2.18.8','2.19.3','2.20.4','2.20.5','2.20.8','2.21.7','2.22.4','2.22.6','2.22.8','2.23.1','2.23.5','2.24.5','2.25.1','2.25.2','2.25.5','2.25.7','2.25.8','2.28.4','2.30.10','2.34.4','2.34.5','2.35.2','2.36.6','2.38.1','2.4.2','2.6.6','2.8.6','3.1.4','3.1.5','3.9.1','4.1.1','4.1.2','4.10.6','4.12.3','4.14.1','4.14.8','4.15.7','4.17.5','4.3.3','4.35.2','4.8.8','6.13.7','6.2.2','6.9.3','7.1.5','7.1.6','7.1.7','7.14.1','7.17.1','7.20.8','7.23.10','7.4.4','7.6.3','8.24.8','8.27.1','8.5.7','8.54.5','9.25.1','9.36.6','9.36.7','9.5.12']",NULL,https://pleiades.stoa.org/places/570106,https://topostext.org/place/376227PArg,https://wikidata.org/wiki/Q13533353,NULL,NULL,NULL,NULL
27.37404,36.686188,Knidos,"Asia Minor (Asia)","Cherronesos of Knidos",['polis'],"['1.1.3','1.2.2','10.11.1','10.11.3','5.24.7','6.3.16','8.30.2']",NULL,https://pleiades.stoa.org/places/599576,NULL,https://wikidata.org/wiki/Q690575,NULL,Cnidus,https://imperium.ahlfeldt.se/places/21190,NULL
21.627,37.64,"Kladeos river (Eleia)","Eleia Bk5 Bk6","Eleia Bk5 Bk6",['potamos'],"['5.15.7','6.20.6','6.21.3']",NULL,https://pleiades.stoa.org/places/570358,https://topostext.org/place/378218WKla,https://wikidata.org/wiki/Q647970,NULL,NULL,NULL,NULL
21.374,37.89,"Plethrion weigh-in spot in gymnasium of Elis","Eleia Bk5 Bk6","Gymnasium of Elis",['gymnasion'],['6.23.2'],NULL,NULL,NULL,NULL,NULL,NULL,NULL,NULL
23.726464,37.971687,"Athenai Bk1","Attica Bk1","Attica Bk1",['polis'],"['1.1.2','1.1.5','1.14.1','1.14.5','1.14.7','1.15.2','1.17.6','1.18.4','1.18.8','1.19.1','1.2.1','1.2.4','1.2.5','1.20.4','1.20.5','1.20.6','1.20.7','1.22.3','1.23.9','1.25.5','1.25.8','1.26.2','1.26.3','1.26.6','1.27.10','1.27.2','1.27.3','1.27.5','1.27.6','1.27.8','1.28.4','1.28.8','1.29.12','1.29.2','1.3.2','1.30.1','1.30.2','1.32.3','1.32.6','1.33.1','1.33.2','1.34.3','1.35.3','1.36.3','1.37.5','1.37.6','1.37.7','1.39.4','1.40.5','1.41.4','1.41.9','1.8.5','10.10.1','10.18.7','10.2.3','10.21.6','10.23.14','10.3.1','10.34.8','10.35.8','10.37.6','10.4.3','10.4.9','10.8.5','2.1.4','2.14.4','2.18.9','2.26.2','2.27.2','2.3.8','2.31.7','2.33.4','2.33.5','2.6.5','3.12.7','3.3.7','3.4.2','3.5.2','3.6.4','3.6.5','3.8.6','3.9.6','4.13.7','4.15.1','4.17.5','4.2.6','4.26.8','4.5.10','4.5.2','5.10.4','5.11.6','5.12.4','5.19.3','5.21.1','5.26.6','5.6.5','6.17.9','6.20.14','6.22.7','7.1.2','7.1.3','7.10.4','7.11.6','7.2.2','7.2.7','7.20.6','7.24.5','7.25.2','7.25.4','7.7.8','7.9.6','8.11.6','8.23.3','8.37.3','8.8.6','9.1.4','9.14.7','9.15.4','9.15.5','9.26.6','9.3.2','9.30.1','9.32.5','9.35.3','9.39.1','9.6.2','9.7.1']",NULL,https://pleiades.stoa.org/places/579885,NULL,https://wikidata.org/wiki/Q844930,NULL,"Athens Athenae polis",NULL,NULL
21.630126,37.637849,"hill west of the Kladeus at Olympia","Eleia Bk5 Bk6",Olympia,['lophos'],['6.20.6'],Olympia,NULL,NULL,NULL,NULL,NULL,NULL,NULL
28.621536,36.825909,Caunus,"Asia Minor (Asia)","Caria region",['polis'],['6.7.6'],NULL,https://pleiades.stoa.org/places/638796,NULL,https://wikidata.org/wiki/Q608095,NULL,NULL,NULL,NULL
21.3746,37.8917,"improvised altars in open space of Agora of Elis","Eleia Bk5 Bk6","Agora of Elis",['bomos'],['6.24.3'],"Agora of Elis",NULL,NULL,NULL,NULL,NULL,NULL,NULL
30.7,27.1,"Egypt (region)","Libya (Africa)","Roman empire","['major region']","['1.11.5','1.36.6','1.39.6','1.42.3','1.44.3','1.6.1','1.6.3','1.6.5','1.6.6','1.6.7','1.6.8','1.7.1','1.7.2','1.7.3','1.9.1','1.9.3','1.9.4','10.32.18','10.7.8','2.16.1','2.9.3','3.10.2','3.6.9','5.21.15','5.7.4','6.26.9','6.3.1','7.5.5','8.33.3']",NULL,https://pleiades.stoa.org/places/981503,NULL,https://wikidata.org/wiki/Q11768,NULL,NULL,NULL,NULL
21.62976,37.63887,"Temple of Hera at Olympia","Eleia Bk5 Bk6","Altis sacred grove (Olympia)",['naos'],"['5.13.8','5.15.7','5.16.1','5.17.1','5.17.3','5.20.1','5.20.4','5.27.11','6.1.3','6.19.1','6.19.12','6.19.8']",NULL,https://pleiades.stoa.org/places/584889481,https://topostext.org/place/376216SOHe,https://wikidata.org/wiki/Q633572,NULL,"Heraion of Olympia",NULL,NULL
22.45931,37.85932,Stymphalos,"Arcadia Bk8","Arcadia Bk8",['settlement'],"['2.24.6','5.10.9','6.7.10','8.13.5','8.22.1','8.22.2','8.22.3','8.22.6','8.22.7','8.22.8','8.23.1','8.4.6','9.11.6']",NULL,https://pleiades.stoa.org/places/570696,NULL,https://wikidata.org/wiki/Q2359730,NULL,NULL,NULL,NULL
15.75,38.25,"Kaikinos? (river)","Italia (Europe)","Italia (Europe)",['potamos'],['6.6.4'],NULL,https://pleiades.stoa.org/places/452348,NULL,NULL,NULL,NULL,NULL,NULL
21.374,37.89,"Altar of Eros at Gymnasium of Elis","Eleia Bk5 Bk6","Gymnasium of Elis",['bomos'],['6.23.3'],"Gymnasium of Elis",NULL,NULL,NULL,NULL,NULL,NULL,NULL
12.8249,37.58406,"Selinus in Sicily","Sicilia (island)","Sicilia (island)",['polis'],"['6.19.10','6.19.11']",NULL,https://pleiades.stoa.org/places/462489,NULL,https://wikidata.org/wiki/Q952173,NULL,"Selinous Selinunte",NULL,NULL
39,19.5,"Erythraeum Mare",NULL,"Ocean River",['thalassa'],"['1.33.4','6.26.9']",NULL,https://pleiades.stoa.org/places/39290,NULL,https://wikidata.org/wiki/Q1363807,NULL,"Arabicus Sinus, Red Sea",NULL,NULL
25.163105999999996,35.297847,"Knosos/Col. Iulia Nobilis Cnosos",Crete,Crete,['polis'],"['1.18.5','1.27.10','3.2.4','5.10.9','6.4.11','8.53.8']",NULL,https://pleiades.stoa.org/places/589872,NULL,https://wikidata.org/wiki/Q173527,NULL,NULL,NULL,NULL
21.707,37.649,"Parthenias (river)","Eleia Bk5 Bk6","Eleia Bk5 Bk6",['potamos'],['6.21.7'],NULL,https://pleiades.stoa.org/places/570565,NULL,https://wikidata.org/wiki/Q15148064,NULL,NULL,NULL,NULL
26.331240830000002,39.90055031,Troas,"Asia (continent)","Asia Minor (Asia)",['chora'],"['1.4.6','10.12.6','10.14.1','10.14.4','10.36.10','4.2.7','5.25.6','6.4.9']",NULL,https://pleiades.stoa.org/places/550944,NULL,https://wikidata.org/wiki/Q2454671,NULL,NULL,NULL,NULL
21.1449975,37.9346907,"Sanctuary of Asklepios at Kyllene","Eleia Bk5 Bk6",Kyllene,['Asclepieion'],['6.26.5'],Kyllene,NULL,NULL,https://wikidata.org/wiki/Q107031273,NULL,NULL,NULL,NULL
21.6311,37.639,"Treasury of the Byzantines at Olympia","Eleia Bk5 Bk6","Treasury terrace north of the Heraion, Olympia",['thesauros'],['6.19.9'],"Treasury terrace north of the Heraion, Olympia",NULL,NULL,https://wikidata.org/wiki/Q106956846,NULL,NULL,NULL,NULL
21.6336,37.637,"Taraxippos of Olympia at hippodrome, round altar","Eleia Bk5 Bk6","Hippodrome (Olympia)",['bomos'],"['6.20.15','6.20.19']","Hippodrome (Olympia)",NULL,NULL,https://wikidata.org/wiki/Q107031181,NULL,NULL,NULL,NULL
-6.947,37.258,"Carpia city of the Iberians",Europe,"Iberi (Spain)",['polis'],['6.19.3'],NULL,NULL,NULL,NULL,NULL,NULL,NULL,NULL
21.6336,37.637,"tomb of native at hippodrome of Olympia","Eleia Bk5 Bk6","Hippodrome (Olympia)",['mnema'],['6.20.16'],"Hippodrome (Olympia)",NULL,NULL,NULL,NULL,NULL,NULL,NULL
21.576,37.685,"Kytherios river (Eleia)","Eleia Bk5 Bk6","Eleia Bk5 Bk6",['potamos'],['6.22.7'],NULL,https://pleiades.stoa.org/places/570399,https://topostext.org/place/378218WKyt,https://wikidata.org/wiki/Q211852,NULL,Kytheros,NULL,NULL
21.707,37.649,"Tomb of the Horses of Marmax by the Parthenias river","Eleia Bk5 Bk6","Parthenias (river)",['mnema'],"['6.21.7','6.21.8']","Parthenias (river)",NULL,NULL,https://wikidata.org/wiki/Q107040555,https://resource.manto.unh.edu/10268883,NULL,NULL,NULL
21.374,37.89,"Sanctuary of Athena on acropolis of Elis","Eleia Bk5 Bk6","Acropolis of Elis",['hieron'],['6.26.3'],"Acropolis of Elis",NULL,https://topostext.org/place/378214SEAT,https://wikidata.org/wiki/Q107042178,NULL,NULL,NULL,NULL
15.27149,37.82124,"Naxos (Sicily)","Sicilia (island)","Sicilia (island)",['polis'],['6.13.8'],NULL,https://pleiades.stoa.org/places/462386,NULL,https://wikidata.org/wiki/Q1233293,NULL,NULL,NULL,NULL
16.824063,40.383868,"City Walls of Metapontion","Italia (Europe)",Metapontum,['teichos'],['6.19.11'],Metapontum,NULL,NULL,NULL,NULL,NULL,NULL,NULL
24.28409,41.01316,"Krenides/Philippi/Col. Augusta Iulia Philippensis","Thrace (Europe)","Thrace (Europe)",['polis'],['6.4.10'],NULL,https://pleiades.stoa.org/places/501482,NULL,https://wikidata.org/wiki/Q379652,NULL,NULL,NULL,NULL
22.2,39.6,Thessalia,"Hellas (Europe)","Hellas (Europe)",['chora'],"['1.11.1','1.29.13','1.4.1','1.8.3','10.22.3','10.8.4','2.2.5','2.23.5','2.24.1','2.6.1','3.20.6','3.6.1','3.7.9','3.9.12','3.9.13','4.36.3','5.1.11','6.17.9','6.4.7','7.1.2','7.1.3','7.10.2','7.15.2','7.19.7','7.6.5','8.27.10','8.6.2','9.15.1','9.40.5','9.8.6']",NULL,https://pleiades.stoa.org/places/1332,NULL,https://wikidata.org/wiki/Q1247568,NULL,NULL,NULL,NULL
21.630126,37.637849,Olympia,"Eleia Bk5 Bk6","Pisa (Eleia)",['hieron'],"['1.28.1','1.35.6','1.44.1','10.14.5','10.37.4','10.38.8','10.7.5','10.9.4','2.11.8','2.5.7','2.7.2','3.8.3','3.8.4','3.8.5','4.31.6','5.1.4','5.1.7','5.10.1','5.10.3','5.10.4','5.10.5','5.10.7','5.10.9','5.11.10','5.11.4','5.11.9','5.12.4','5.12.5','5.12.8','5.13.1','5.13.10','5.13.9','5.14.1','5.14.2','5.14.4','5.15.12','5.15.3','5.16.8','5.17.5','5.2.3','5.2.5','5.20.6','5.21.16','5.23.3','5.23.6','5.24.4','5.24.6','5.24.8','5.25.12','5.25.13','5.25.4','5.25.5','5.25.7','5.26.1','5.26.4','5.26.5','5.26.7','5.27.1','5.27.2','5.27.9','5.4.4','5.4.5','5.4.6','5.4.7','5.4.8','5.5.3','5.6.1','5.6.7','5.6.8','5.7.1','5.7.10','5.7.6','5.7.9','5.8.1','5.8.2','5.8.5','5.8.6','5.9.1','5.9.4','6.1.6','6.10.2','6.10.4','6.10.8','6.12.4','6.12.5','6.12.6','6.12.7','6.12.8','6.13.11','6.13.2','6.13.3','6.13.5','6.13.6','6.13.8','6.14.1','6.14.10','6.14.13','6.14.2','6.14.3','6.14.5','6.15.1','6.15.2','6.15.3','6.15.6','6.15.9','6.16.1','6.16.4','6.16.5','6.16.8','6.16.9','6.17.2','6.17.7','6.18.1','6.18.2','6.18.7','6.19.1','6.19.10','6.19.14','6.19.4','6.2.10','6.2.2','6.2.6','6.20.14','6.20.19','6.20.2','6.20.7','6.21.2','6.22.5','6.22.7','6.23.1','6.23.6','6.3.11','6.3.14','6.3.15','6.3.2','6.3.9','6.4.11','6.4.2','6.4.5','6.4.6','6.4.9','6.5.7','6.6.1','6.6.3','6.6.5','6.7.10','6.7.3','6.7.8','6.8.1','6.8.2','6.8.3','6.8.6','6.9.3','7.17.13','7.17.14','7.17.6','7.23.5','7.27.5','7.27.6','7.6.4','8.1.2','8.19.1','8.42.9','8.48.1','8.48.2','8.50.3','8.54.3','9.23.1','9.7.5']",NULL,https://pleiades.stoa.org/places/570531,NULL,https://wikidata.org/wiki/Q38888,https://resource.manto.unh.edu/10217933,"Sanctuary of Olympian Zeus in Pisatis",NULL,NULL
21.63291462,37.6391184,"Olympia Stadium","Eleia Bk5 Bk6",Olympia,"['choma ges','stadion']","['5.14.9','5.16.3','5.21.15','5.21.2','5.22.1','6.19.15','6.20.10','6.20.8','6.20.9','9.23.1']",NULL,NULL,https://topostext.org/place/376216BOSt,https://wikidata.org/wiki/Q4357227,NULL,NULL,https://imperium.ahlfeldt.se/places/24219,NULL
22.8802,37.9054,"Corinth (Corinthia)","Corinthia Bk2","Corinthia Bk2",['polis'],"['1.27.10','1.27.9','1.29.11','1.37.5','1.39.4','1.44.10','1.44.6','10.11.6','10.5.3','10.8.5','10.9.10','2.1.1','2.1.2','2.1.6','2.15.1','2.2.2','2.2.4','2.2.5','2.2.6','2.28.8','2.3.1','2.3.10','2.3.11','2.3.5','2.3.7','2.31.9','2.4.3','2.4.4','2.4.6','2.5.1','2.5.5','2.6.1','2.7.2','2.8.4','2.8.5','3.10.1','3.5.7','4.17.5','5.10.5','5.17.5','6.2.2','7.14.1','7.14.2','7.14.5','7.15.10','7.16.4','7.16.7','7.27.6','7.6.7','7.7.6','7.8.1','7.8.2','9.26.2','9.6.4','9.9.4']",NULL,https://pleiades.stoa.org/places/570182,https://topostext.org/place/379229PKor,https://wikidata.org/wiki/Q1363688,NULL,Korinthos,NULL,NULL
21.630126,37.637849,"Treasury of the Metapontines at Olympia, next to Selinountines","Eleia Bk5 Bk6","Treasury terrace north of the Heraion, Olympia",['thesauros'],['6.19.11'],Olympia,NULL,NULL,https://wikidata.org/wiki/Q106956850,NULL,NULL,NULL,NULL
26.5,41,"Teichos Aratou, fort in Thracian Chersonnese","Thrace (Europe)","Thrace (Europe)",['teichos'],['6.19.6'],"Thrace (Europe)",NULL,NULL,NULL,NULL,NULL,NULL,NULL
22.5403,39.38533,"Theater of Skotoussa in Thessaly","Hellas (Europe)","Skotoussa (Thessaly)",['theatron'],['6.5.2'],"Skotoussa (Thessaly)",NULL,NULL,NULL,NULL,NULL,NULL,NULL
22.973,37.928,"Isthmus of Corinth","Corinthia Bk2","Corinthia Bk2",['chora'],"['1.25.4','1.27.10','1.44.8','10.5.3','2.1.4','2.1.5','2.1.6','2.1.7','2.15.1','2.2.2','2.2.3','2.29.7','2.5.7','2.8.5','3.21.6','3.9.1','4.9.2','5.2.1','5.3.6','6.13.10','7.15.11','7.16.1','7.27.5','7.6.7','7.7.2','8.1.1','8.48.2','8.5.1','8.5.6']",NULL,https://pleiades.stoa.org/places/570317,https://topostext.org/place/379230LIst,https://wikidata.org/wiki/Q215200,NULL,NULL,NULL,NULL
21.63066,37.63905,"Ionic chamber in Sicyonian treasury at Olympia","Eleia Bk5 Bk6","Sicyonian Treasury at Olympia",['thesauros'],['6.19.2'],"Sicyonian Treasury at Olympia",NULL,NULL,NULL,NULL,NULL,NULL,NULL
24.973629999999996,40.93119,Abdera,"Thrace (Europe)","Thrace (Europe)",['polis'],"['6.14.12','6.5.4']",NULL,https://pleiades.stoa.org/places/501323,NULL,https://wikidata.org/wiki/Q38280948,NULL,NULL,NULL,NULL
21.788,37.601,"Sanctuary of Heracles by tomb of Sauros, ruined","Eleia Bk5 Bk6","Ridge of Sauros by the Erymanthos river",['hieron'],['6.21.3'],"Ridge of Sauros by the Erymanthos river",NULL,NULL,https://wikidata.org/wiki/Q107031184,NULL,NULL,NULL,NULL
21.374,37.89,"Gymnasium of Elis","Eleia Bk5 Bk6","Elis polis",['gymnasion'],"['5.21.17','6.23.1','6.23.2','6.23.3']","Elis polis",NULL,https://topostext.org/place/379214BElG,https://wikidata.org/wiki/Q107031194,NULL,NULL,NULL,NULL
21.62914,37.63705,"Leonidaion (Olympia)","Eleia Bk5 Bk6",Olympia,['oikema'],"['5.15.1','5.15.2','5.15.3','5.15.4','6.17.1']",NULL,NULL,https://topostext.org/place/376216BOLe,https://wikidata.org/wiki/Q3271682,NULL,NULL,NULL,NULL
35.01,13.01,"Table of the Sun, mythical Ethiopian place/ritual","Libya (Africa)","Aethiopia (Africa)","['mythical place']",['6.26.2'],"Aethiopia (Africa)",NULL,NULL,NULL,NULL,NULL,NULL,NULL
22.31275269,37.25289778,Peloponnesos,"Hellas (Europe)","Hellas (Europe)","['major region']","['1.13.4','1.13.7','1.25.4','1.27.10','1.27.5','1.3.4','1.41.2','10.1.2','10.18.2','10.38.10','2.1.1','2.1.2','2.1.5','2.12.3','2.13.1','2.13.7','2.18.7','2.20.1','2.21.5','2.24.5','2.26.1','2.26.3','2.26.4','2.34.4','2.34.8','2.37.3','2.5.3','2.5.6','2.5.7','2.7.6','2.8.6','2.9.2','3.1.6','3.13.2','3.2.6','3.21.6','3.22.6','3.3.4','3.7.6','3.9.1','4.14.6','4.15.6','4.24.7','4.26.1','4.26.3','4.26.5','4.27.11','4.27.8','4.27.9','4.28.1','4.29.13','4.29.2','4.29.4','4.31.11','4.34.10','4.34.5','4.34.9','4.35.1','5.1.1','5.1.2','5.1.7','5.1.8','5.3.5','5.3.6','5.6.3','5.8.2','6.2.10','6.2.11','6.7.6','7.13.5','7.15.6','7.3.9','7.7.6','8.1.1','8.1.2','8.27.5','8.30.5','8.38.7','8.45.3','8.5.1','8.5.6','8.51.3','8.54.7','9.14.4','9.15.4','9.32.1','9.9.2']",NULL,https://pleiades.stoa.org/places/570577,NULL,https://wikidata.org/wiki/Q78967,NULL,Peloponnese,NULL,NULL
21.630126,37.637849,"Tomb of Oinomaos across the Kladeus at Olympia","Eleia Bk5 Bk6",Olympia,['mnema'],['6.21.3'],Olympia,NULL,NULL,https://wikidata.org/wiki/Q107031179,https://resource.manto.unh.edu/10268833,NULL,NULL,NULL
21.6308,37.6422,"Sanctuary of Aphrodite Ourania at Olympia","Eleia Bk5 Bk6",Olympia,['hieron'],['6.20.6'],NULL,NULL,https://topostext.org/place/376216SApO,https://wikidata.org/wiki/Q107031180,NULL,NULL,NULL,NULL
21.4313,37.6729,"Letrinoi (Eleia)","Eleia Bk5 Bk6","Eleia Bk5 Bk6",['settlement'],"['5.14.6','6.22.10','6.22.11','6.22.8','6.22.9']",NULL,https://pleiades.stoa.org/places/570427,https://topostext.org/place/377214PLet,https://wikidata.org/wiki/Q12880141,NULL,NULL,NULL,NULL
23.2733,38.2213,"Plataea (Boeotia)","Boiotia Bk9",Plataiis,"['battlefield','polis']","['1.13.4','1.27.1','1.38.8','10.13.9','10.2.1','10.5.3','10.5.4','2.6.1','3.11.7','3.14.1','3.17.7','3.4.10','3.4.9','3.5.1','3.7.10','6.10.6','6.3.8','7.27.2','7.6.4','8.52.2','8.6.1','9.1.2','9.1.4','9.1.5','9.1.8','9.2.1','9.2.3','9.2.5','9.2.6','9.2.7','9.3.1','9.4.2','9.4.3','9.4.4','9.5.11','9.6.1','9.8.7']",NULL,https://pleiades.stoa.org/places/541063,https://topostext.org/place/382233PPla,https://wikidata.org/wiki/Q742538,NULL,Plataia,NULL,NULL
21.374,37.89,"City walls of Elis","Eleia Bk5 Bk6","Elis polis",['teichos'],['6.23.8'],"Elis polis",NULL,NULL,NULL,NULL,NULL,NULL,NULL
21.72,37.647,"Leukyanias river (Eleia)","Eleia Bk5 Bk6","Eleia Bk5 Bk6",['potamos'],['6.21.5'],NULL,NULL,https://topostext.org/place/378218WLeu,https://wikidata.org/wiki/Q15148039,NULL,NULL,NULL,NULL
21.671,37.645,"Tomb of the suitors of Hippodameia","Eleia Bk5 Bk6","Road Erymanthus border to Olympia","['choma ges','mnema']","['6.21.9','6.22.1']",NULL,NULL,NULL,https://wikidata.org/wiki/Q107031252,https://resource.manto.unh.edu/10268907,NULL,NULL,NULL
14.300609999999999,37.42658,Herbessos?,"Sicilia (island)","Sicilia (island)",['settlement'],['6.12.4'],NULL,https://pleiades.stoa.org/places/462239,NULL,https://wikidata.org/wiki/Q20108000,NULL,NULL,NULL,NULL
21.3746,37.8917,"Altars to Zeus by columns of south stoa of Elis agora","Eleia Bk5 Bk6","Agora of Elis",['bomos'],['6.24.3'],"Agora of Elis",NULL,NULL,NULL,NULL,NULL,NULL,NULL
26.8857,37.6718,"Heraion of Samos","Aegean Sea (Hellas)","Samos (island)",['hieron'],"['6.3.15','6.3.16','7.4.4','7.5.13','7.5.4','8.23.5']",NULL,https://pleiades.stoa.org/places/599641,https://topostext.org/place/377269SHer,https://wikidata.org/wiki/Q841207,NULL,"Heraeum of Samos",NULL,NULL
21.63076,37.64235,"Eileithyia temple at Olympia","Eleia Bk5 Bk6",Olympia,['hieron'],"['6.20.2','6.20.3','6.20.6']",NULL,NULL,https://topostext.org/place/376216SEil,https://wikidata.org/wiki/Q107010633,NULL,NULL,NULL,NULL
21.374,37.89,"Stoa in Sanctuary of Tyche at Elis","Eleia Bk5 Bk6","Sanctuary of Tyche in Elis",['stoa'],['6.25.4'],"Sanctuary of Tyche in Elis",NULL,NULL,NULL,NULL,NULL,NULL,NULL
21.657,37.671,"Pholoe Mt. (Eleia)","Eleia Bk5 Bk6","Eleia Bk5 Bk6",['oros'],"['6.21.5','8.24.4','8.27.17']",NULL,https://pleiades.stoa.org/places/570607,https://topostext.org/place/378218LPho,https://wikidata.org/wiki/Q2354090,NULL,NULL,NULL,NULL
22.7108,37.8085,"Sanctuary of Nemean Zeus, Nemea","Argolid Bk2","Argolid Bk2",['hieron'],"['1.27.9','1.29.5','2.15.2','2.15.3','2.19.5','5.11.5','5.25.7','5.26.7','6.1.8','6.12.8','6.14.2','6.15.1','6.15.6','6.2.11','6.20.19','6.3.11','6.3.9','6.4.5','6.4.6','6.5.5','6.7.10','8.48.2']",NULL,https://pleiades.stoa.org/places/570504,https://topostext.org/place/378227SNem,https://wikidata.org/wiki/Q748108,NULL,NULL,NULL,NULL
21.374,37.89,"building for Thyia festival 8 stades from Elis","Eleia Bk5 Bk6","Elis polis",['oikema'],['6.26.1'],"Elis polis",NULL,NULL,https://wikidata.org/wiki/Q107031205,NULL,NULL,NULL,NULL
21.6758,37.6047,Makistos,"Eleia Bk5 Bk6","Eleia Bk5 Bk6",['polis'],['6.22.4'],NULL,https://pleiades.stoa.org/places/570453,NULL,https://wikidata.org/wiki/Q111086985,NULL,NULL,NULL,NULL
21.374,37.89,"Altar of Idaean Herakles Parastates at gymnasium of Elis","Eleia Bk5 Bk6","Elis polis",['bomos'],"['6.23.1','6.23.3']","Elis polis",NULL,NULL,https://wikidata.org/wiki/Q107040815,NULL,NULL,NULL,NULL
-2.910335,37.969207,"Tartessos river",Europe,"Iberi (Spain)",['potamos'],['6.19.3'],"Baetis/Certis (river)",https://pleiades.stoa.org/places/261259,NULL,NULL,NULL,NULL,NULL,NULL
22.4237,37.0821,Sparta,"Lakonia Bk3","Lakonia Bk3",['polis'],"['1.13.6','1.29.8','10.12.2','2.18.2','2.18.5','2.21.8','2.9.1','3.1.2','3.10.1','3.11.1','3.11.2','3.13.3','3.13.4','3.13.7','3.14.2','3.14.7','3.15.3','3.15.4','3.15.5','3.15.8','3.18.6','3.19.6','3.2.2','3.2.3','3.2.7','3.20.10','3.20.8','3.21.2','3.21.6','3.21.7','3.26.5','3.26.7','3.3.2','3.3.3','3.5.1','3.6.3','3.6.4','3.6.7','3.7.1','3.7.2','3.7.5','3.7.8','3.8.3','3.8.9','3.9.11','4.1.2','4.12.4','4.12.5','4.12.8','4.12.9','4.14.3','4.14.4','4.15.2','4.15.3','4.15.5','4.15.6','4.16.1','4.16.9','4.17.6','4.18.3','4.19.5','4.20.5','4.21.6','4.22.1','4.22.4','4.22.5','4.22.6','4.23.2','4.24.6','4.26.4','4.27.4','4.29.6','4.29.9','4.31.1','4.31.3','4.4.4','4.4.8','4.5.4','4.5.6','4.5.7','4.7.7','4.8.3','4.9.5','6.16.8','6.2.1','6.4.9','6.7.6','7.1.8','7.12.2','7.12.6','7.12.7','7.12.8','7.13.1','7.13.2','7.13.4','7.13.6','7.14.5','7.20.8','7.24.1','7.7.3','7.8.4','7.8.5','7.9.2','7.9.5','8.11.6','8.12.6','8.27.11','8.51.1','8.51.3','8.51.4','8.52.3','8.52.6','8.8.11','9.13.2','9.13.9','9.14.1','9.14.5','9.32.10','9.32.7']",NULL,https://pleiades.stoa.org/places/570685,https://topostext.org/place/371224PSpa,https://wikidata.org/wiki/Q5690,NULL,"Lacedaemon Lakedaimon",NULL,NULL
21.63291462,37.6391184,"tomb of Endymion at Olympia","Eleia Bk5 Bk6","Olympia Stadium",['mnema'],"['5.1.5','6.20.9']","Olympia Stadium",NULL,NULL,https://wikidata.org/wiki/Q107031178,https://resource.manto.unh.edu/10214996,NULL,NULL,NULL
20.9899,39.155,Ambracia,"Epiros region","Epiros region",['polis'],"['10.11.6','10.18.4','10.9.10','5.23.2','5.23.3','6.3.7']",NULL,https://pleiades.stoa.org/places/530794,NULL,https://wikidata.org/wiki/Q661559,NULL,NULL,NULL,NULL
22.842,37.65,Midea,"Argolid Bk2","Argolid Bk2",['settlement'],"['2.16.2','2.25.9','6.20.7','8.27.1']",NULL,https://pleiades.stoa.org/places/570485,NULL,https://wikidata.org/wiki/Q502897,NULL,NULL,NULL,NULL
21.374,37.89,"Xystos of Elis","Eleia Bk5 Bk6","Gymnasium of Elis",['peribolos'],['6.23.1'],NULL,NULL,NULL,NULL,NULL,NULL,NULL,NULL
21.653,37.6395,"Pisa (Eleia)","Eleia Bk5 Bk6","Eleia Bk5 Bk6","['chora','polis']","['5.1.6','5.1.7','5.10.2','5.13.4','5.16.5','5.22.6','5.3.1','6.21.1','6.21.4','6.21.5','6.22.1','6.22.3','8.20.2','8.54.3']",NULL,https://pleiades.stoa.org/places/570612,https://topostext.org/place/376217PPis,https://wikidata.org/wiki/Q922329,NULL,NULL,NULL,NULL
21.63176,37.63888,"Hidden entrance to stadium at Olympia","Eleia Bk5 Bk6","Olympia Stadium",['esodos'],['6.20.8'],NULL,NULL,NULL,NULL,NULL,NULL,NULL,NULL
20.4375,38.2226,"Pale (Kefallenia)","Hellas (Europe)","Kephallania (Kefallenia)",['polis'],['6.15.7'],NULL,NULL,https://topostext.org/place/382204UPal,https://wikidata.org/wiki/Q2047660,NULL,NULL,NULL,NULL
16.14501,38.03955,"Zephyrium Pr.","Italia (Europe)","Italia (Europe)",['akra'],"['3.3.1','6.19.6','6.6.4']",NULL,https://pleiades.stoa.org/places/452495,NULL,NULL,NULL,NULL,NULL,NULL
-2.910335,37.969207,"Baetis/Certis (river)",Europe,"Iberi (Spain)",['potamos'],['6.19.3'],NULL,https://pleiades.stoa.org/places/256010,NULL,https://wikidata.org/wiki/Q14309,NULL,NULL,NULL,NULL
21.631431,37.63907,"Treasury of the Selinountines at Olympia","Eleia Bk5 Bk6","Treasury terrace north of the Heraion, Olympia",['thesauros'],"['6.19.10','6.19.11']",NULL,NULL,NULL,https://wikidata.org/wiki/Q106956847,NULL,NULL,NULL,NULL
21.374,37.89,"Tetragonon gymnasium of Elis","Eleia Bk5 Bk6","Elis polis",['gymnasion'],['6.23.4'],"Elis polis",NULL,NULL,https://wikidata.org/wiki/Q107041213,NULL,NULL,NULL,NULL
22.8416,38.4944,"Chaironea (Boeotia)","Boiotia Bk9","Boiotia Bk9",['battlefield'],"['1.18.8','1.20.6','1.25.3','1.27.5','1.29.13','1.41.8','10.3.3','10.3.4','10.35.8','10.4.1','4.28.2','5.20.10','5.4.9','6.4.7','7.15.6','7.15.9','7.6.5','8.27.10','8.6.2','9.1.8','9.29.8','9.40.5','9.40.6','9.41.7','9.6.5']",NULL,https://pleiades.stoa.org/places/540701,https://topostext.org/place/385228PCha,https://wikidata.org/wiki/Q13574678,NULL,NULL,NULL,NULL
21.5735,37.6875,"Herakleia (Eleia)","Eleia Bk5 Bk6","Eleia Bk5 Bk6",['kome'],['6.22.7'],NULL,NULL,https://topostext.org/place/377216PHer,https://wikidata.org/wiki/Q26721041,NULL,NULL,NULL,NULL
21.6311,37.639,"Treasury of the Sybarites, Olympia","Eleia Bk5 Bk6","Treasury terrace north of the Heraion, Olympia",['thesauros'],"['6.19.10','6.19.9']","Treasury terrace north of the Heraion, Olympia",NULL,NULL,https://wikidata.org/wiki/Q106956848,NULL,NULL,NULL,NULL
21.62845,37.63929,"Trophy from Arcadians on crepis of gymnasium at Olympia","Eleia Bk5 Bk6","Gymnasium (Olympia)",['tropaion'],['6.21.2'],"Gymnasium (Olympia)",NULL,NULL,NULL,NULL,NULL,NULL,NULL
21.627,37.64,"Ruined buildings beyond tomb of Oinomaos, his stables","Eleia Bk5 Bk6","Eleia Bk5 Bk6",['ereipia'],['6.21.3'],NULL,NULL,NULL,NULL,NULL,NULL,NULL,NULL
31.2313,30.091800000000003,"Delta of the Nile","Libya (Africa)","Egypt (region)",['nesos'],['6.26.9'],"Nilus (river)",https://pleiades.stoa.org/places/730105,NULL,NULL,NULL,NULL,NULL,NULL
32.898,24.0811,Syene,"Libya (Africa)","Egypt (region)",['settlement'],"['1.33.4','5.7.4','6.26.2','8.38.6']",NULL,https://pleiades.stoa.org/places/786123,NULL,https://wikidata.org/wiki/Q29888,NULL,NULL,NULL,NULL
21.631,37.641,Kronion,"Eleia Bk5 Bk6",Olympia,['oros'],"['5.21.2','6.19.1','6.20.1','6.20.2']",NULL,https://pleiades.stoa.org/places/573311,https://topostext.org/place/368228LKro,https://wikidata.org/wiki/Q1250184,NULL,"Kronion hill, Olympia",NULL,NULL
21.374,37.89,"Peribolos of Hades at sanctuary in Elis","Eleia Bk5 Bk6","Sanctuary of Hades at Elis",['peribolos'],['6.25.2'],"Sanctuary of Hades at Elis",NULL,NULL,NULL,NULL,NULL,NULL,NULL
21.6747,37.6488,"Harpina (Eleia)","Eleia Bk5 Bk6","Eleia Bk5 Bk6",['polis'],['6.21.8'],NULL,NULL,https://topostext.org/place/376217UHar,https://wikidata.org/wiki/Q5663572,NULL,NULL,NULL,NULL
21.665725,36.930136,"Sphakteria (island)","Messenia Bk4","Messenia Bk4",['nesos'],"['1.13.5','1.15.4','3.5.5','4.26.1','4.26.2','4.36.6','6.22.6']",NULL,https://pleiades.stoa.org/places/570686,NULL,https://wikidata.org/wiki/Q1303524,NULL,NULL,NULL,NULL
21.6336,37.637,"Stalls ? at the hippodrome","Eleia Bk5 Bk6","Hippodrome (Olympia)",['oikema'],['6.20.11'],"Hippodrome (Olympia)",NULL,NULL,NULL,NULL,NULL,NULL,NULL
21.374,37.89,"Street of Silence in Elis","Eleia Bk5 Bk6","Elis polis",['hodos'],['6.23.8'],"Elis polis",NULL,NULL,NULL,NULL,NULL,NULL,NULL
16.824063,40.383868,Metapontum,"Italia (Europe)","Italia (Europe)",['polis'],['6.19.11'],NULL,https://pleiades.stoa.org/places/442658,NULL,https://wikidata.org/wiki/Q1058770,NULL,NULL,NULL,NULL
21.705,37.6378,"Altar of Athena Kydonia still intact for Pausanias","Eleia Bk5 Bk6","Sanctuary of Athena Kydonia at Phrixa",['bomos'],['6.21.6'],"Sanctuary of Athena Kydonia at Phrixa",NULL,NULL,NULL,NULL,NULL,NULL,NULL
21.5735,37.6875,"Sanctuary of the Nymphs Ionides by spring of the Kytherios","Eleia Bk5 Bk6","Herakleia (Eleia)",['hieron'],['6.22.7'],"Herakleia (Eleia)",NULL,NULL,https://wikidata.org/wiki/Q107031254,https://resource.manto.unh.edu/11308487,NULL,NULL,NULL
21.1449975,37.9346907,Kyllene,"Eleia Bk5 Bk6","Eleia Bk5 Bk6",['epineion'],"['4.23.1','4.23.3','4.23.5','6.26.4','6.26.5','8.14.12','8.5.8','8.54.3']",NULL,https://pleiades.stoa.org/places/570390,NULL,https://wikidata.org/wiki/Q56650616,NULL,NULL,NULL,NULL
21.6311,37.639,"Treasury buildings (Olympia)","Eleia Bk5 Bk6","Treasury terrace north of the Heraion, Olympia",['thesauros'],['6.19.1'],"Treasury terrace north of the Heraion, Olympia",NULL,https://topostext.org/place/376216BOTr,https://wikidata.org/wiki/Q7836783,NULL,NULL,NULL,NULL
21.374,37.89,"Open-air temenos of Aphrodite next to her temple, at Elis","Eleia Bk5 Bk6","Elis polis",['temenos'],['6.25.1'],"Elis polis",NULL,NULL,NULL,NULL,NULL,NULL,NULL
24.717535,40.78201,"Thasos island","Aegean Sea (Hellas)","Aegean Sea (Hellas)",['nesos'],"['10.28.3','6.11.7']",NULL,https://pleiades.stoa.org/places/501635,NULL,NULL,NULL,NULL,https://imperium.ahlfeldt.se/places/41114,NULL
21.6311,37.639,"Treasury terrace north of the Heraion, Olympia","Eleia Bk5 Bk6",Olympia,['krepis'],"['5.21.2','6.19.1','6.20.1']",NULL,NULL,NULL,NULL,NULL,NULL,NULL,NULL
22.307,37.9117,Pheneos,"Arcadia Bk8","Arcadia Bk8",['polis'],"['5.27.8','6.1.3','8.13.5','8.13.6','8.14.1','8.14.2','8.14.5','8.14.9','8.15.5','8.16.1','8.17.6','8.19.3','8.19.4','8.20.1']",NULL,https://pleiades.stoa.org/places/570595,https://topostext.org/place/379223PPhe,https://wikidata.org/wiki/Q12885741,NULL,"Pheneus polis",NULL,NULL
24.8279,37.8186,"Andros polis","Aegean Sea (Hellas)","Andros (island)",['polis'],"['3.11.6','6.14.13']",NULL,https://pleiades.stoa.org/places/589692,https://topostext.org/place/378248PAnd,https://wikidata.org/wiki/Q62944263,NULL,NULL,https://imperium.ahlfeldt.se/places/39550,NULL
12.5,42.5,"Italia (Europe)",NULL,Europe,"['major region']","['1.11.7','1.12.1','1.12.2','1.13.2','1.23.5','1.29.14','1.36.6','10.10.7','10.13.10','10.17.10','10.17.11','2.23.5','2.27.4','3.10.5','3.12.6','3.19.12','3.22.11','3.3.1','4.23.6','4.26.5','5.25.3','5.25.6','6.19.9','6.3.12','6.6.4','6.6.8','6.7.4','7.4.7','8.15.9','8.3.5']",NULL,https://pleiades.stoa.org/places/1052,NULL,https://wikidata.org/wiki/Q913582,NULL,Italy,NULL,NULL
26.5,41,"Thrace (Europe)",NULL,Europe,"['major region']","['1.10.2','1.25.2','1.29.13','1.29.4','1.29.5','1.38.2','1.6.4','1.9.5','10.11.5','10.19.5','2.30.2','3.9.12','5.10.8','5.12.6','5.27.12','6.5.4','7.4.3','8.29.1','9.30.9']",NULL,https://pleiades.stoa.org/places/501638,https://topostext.org/place/410265RThr,https://wikidata.org/wiki/Q41741,NULL,Thracia,NULL,NULL
20.25,39.75,Thesprotia,"Hellas (Europe)","Epiros region",['chora'],"['1.17.4','1.17.5','1.18.4','1.6.8','4.34.3','4.35.3','5.14.2','5.22.3','5.23.2','6.14.9','9.30.6','9.36.3']",NULL,https://pleiades.stoa.org/places/531117,https://topostext.org/place/394204RThp,https://wikidata.org/wiki/Q2551754,NULL,NULL,NULL,NULL
21.7,37.5,Triphylia,"Eleia Bk5 Bk6","Eleia Bk5 Bk6",['chora'],"['5.16.1','5.23.2','5.5.3','5.6.4','6.15.1','6.22.4','6.25.6']",NULL,https://pleiades.stoa.org/places/570754,NULL,https://wikidata.org/wiki/Q472032,NULL,NULL,NULL,NULL
21.630126,37.637849,"Sanctuary of Sosipolis at Olympia","Eleia Bk5 Bk6",Olympia,['hieron'],['6.20.5'],Olympia,NULL,NULL,https://wikidata.org/wiki/Q134036768,NULL,NULL,NULL,NULL
21.374,37.89,"Altar of Demeter and her child at gymnasium of Elis","Eleia Bk5 Bk6","Gymnasium of Elis",['bomos'],['6.23.3'],"Gymnasium of Elis",NULL,NULL,NULL,NULL,NULL,NULL,NULL
21.63066,37.63905,"Dorian chamber of Sicyonian treasury at Olympia","Eleia Bk5 Bk6","Sicyonian Treasury at Olympia",['thesauros'],['6.19.2'],"Sicyonian Treasury at Olympia",NULL,NULL,NULL,NULL,NULL,NULL,NULL
23.4032,38.2358,"Erythrai (Boeotia)","Boiotia Bk9","Boiotia Bk9",['polisma'],"['6.21.11','9.2.1']",NULL,https://pleiades.stoa.org/places/540771,https://topostext.org/place/382234PEry,https://wikidata.org/wiki/Q56399414,NULL,NULL,NULL,NULL
21.71145,37.635009,Phrixa,"Eleia Bk5 Bk6","Eleia Bk5 Bk6",['polis'],['6.21.6'],NULL,https://pleiades.stoa.org/places/570609,NULL,https://wikidata.org/wiki/Q5505071,NULL,Phrixai,NULL,NULL
28.224399999999996,36.4408,"Rhodes polis","Aegean Sea (Hellas)","Rhodes island",['polis'],"['6.14.2','6.7.4','6.7.6','8.43.4']","Rhodes island",https://pleiades.stoa.org/places/590030,NULL,https://wikidata.org/wiki/Q13533316,NULL,NULL,NULL,NULL
21.62845,37.63929,"Retaining wall of gymnasium at Olympia","Eleia Bk5 Bk6","Gymnasium (Olympia)",['teichos'],['6.21.2'],"Gymnasium (Olympia)",NULL,NULL,NULL,NULL,NULL,NULL,NULL
21.374,37.89,"Acropolis of Elis","Eleia Bk5 Bk6","Elis polis",['acropolis'],['6.26.3'],"Elis polis",NULL,https://topostext.org/place/379214XElA,https://wikidata.org/wiki/Q106997152,NULL,NULL,NULL,NULL
22.5,37.5,"Hellas (Europe)",Europe,Europe,"['major region']","['1.1.1','1.12.1','1.27.9','1.29.5','1.3.5','1.4.1','1.4.2','1.41.8','1.5.5','10.14.6','10.17.3','10.19.12','10.19.5','10.19.7','10.19.8','10.20.9','10.23.12','10.23.14','10.23.8','10.24.3','10.25.1','10.34.5','10.5.3','10.9.2','2.1.8','2.29.7','2.29.8','2.33.5','2.4.5','3.11.3','3.12.7','3.17.8','3.20.6','3.3.3','3.4.7','3.4.8','3.7.11','3.9.4','3.9.8','4.2.3','4.28.4','4.31.1','5.10.1','5.14.2','5.15.2','5.17.9','5.20.10','5.23.7','5.24.2','5.25.12','5.4.6','5.4.7','5.4.9','5.5.2','5.7.7','6.11.3','6.18.5','7.10.1','7.10.2','7.10.3','7.10.4','7.10.5','7.10.7','7.11.1','7.11.2','7.14.1','7.15.1','7.15.3','7.16.10','7.16.9','7.17.1','7.17.2','7.17.3','7.2.2','7.20.6','7.24.2','7.26.11','7.3.1','7.5.13','7.6.3','7.6.9','7.7.6','7.8.1','7.8.2','7.8.7','7.9.5','8.14.5','8.20.1','8.3.5','8.32.1','8.37.2','8.42.7','8.43.4','8.45.5','8.46.3','8.50.3','8.50.4','8.51.1','8.51.4','8.52.1','8.52.2','8.52.3','8.52.4','8.52.5','8.52.6','9.1.2','9.17.6','9.23.3','9.28.1','9.29.8','9.38.2','9.38.4','9.6.2']",NULL,https://pleiades.stoa.org/places/1001896,NULL,https://wikidata.org/wiki/Q11772,NULL,NULL,NULL,NULL
21.374,37.89,"Elis polis","Eleia Bk5 Bk6","Eleia Bk5 Bk6",['polis'],"['1.29.13','1.41.6','2.15.1','3.11.7','3.12.8','3.8.4','4.28.4','4.28.5','5.1.10','5.1.11','5.1.4','5.1.9','5.14.1','5.15.11','5.15.12','5.16.1','5.16.5','5.16.6','5.16.8','5.2.5','5.21.10','5.25.7','5.3.1','5.3.3','5.3.5','5.3.6','5.4.1','5.4.3','5.4.4','5.4.8','5.5.1','5.5.2','5.5.3','5.6.5','5.7.1','5.8.2','5.8.3','5.8.6','5.9.2','6.17.6','6.22.5','6.22.8','6.23.1','6.23.6','6.23.8','6.25.2','6.25.6','6.26.6','7.1.1','7.10.2','7.17.5','7.21.14','7.4.7','7.6.1','8.1.2','8.15.5','8.25.10','8.26.3','8.26.4']",NULL,https://pleiades.stoa.org/places/570220,https://topostext.org/place/378214PEli,https://wikidata.org/wiki/Q217667,NULL,NULL,NULL,NULL
21.62845,37.63929,"Houses for athletes at Olympia, adjoining the gymnasium","Eleia Bk5 Bk6","Gymnasium (Olympia)",['oikia'],['6.21.2'],"Gymnasium (Olympia)",NULL,NULL,NULL,NULL,NULL,NULL,NULL
21.3756,37.8936,"theater of Elis","Eleia Bk5 Bk6","Elis polis",['theatron'],['6.26.1'],NULL,NULL,https://topostext.org/place/378214BEli,https://wikidata.org/wiki/Q38184756,NULL,NULL,NULL,NULL
21.6336,37.637,"Ship's prow at Olympia hippodrome","Eleia Bk5 Bk6","Hippodrome (Olympia)",['stele'],['6.20.10'],"Hippodrome (Olympia)",NULL,NULL,NULL,NULL,NULL,NULL,NULL
18.7,39.2,"Ionian Sea (Greece/Italy)","Hellas (Europe)","Internum Mare",['thalassa'],"['1.12.1','1.4.1','4.35.5','4.35.7','4.36.7','5.22.3','5.25.3','5.5.3','5.7.3','6.14.13','7.18.2']",NULL,https://pleiades.stoa.org/places/1046,https://topostext.org/place/408187WIon,https://wikidata.org/wiki/Q37495,NULL,NULL,NULL,NULL
22.3244,37.2083,"Pellana (Lakonia)","Lakonia Bk3","Lakonia Bk3",['polis'],"['3.21.2','3.21.3','6.8.5']",NULL,https://pleiades.stoa.org/places/570575,https://topostext.org/place/372223PPel,https://wikidata.org/wiki/Q2010159,NULL,NULL,NULL,NULL
26.355280000000004,36.54413,"Sanctuary of Athena on Astypalaia","Aegean Sea (Hellas)","Astypalaia Ins., Astypalaia",['hieron'],['6.9.7'],"Astypalaia Ins., Astypalaia",NULL,NULL,https://wikidata.org/wiki/Q134038448,NULL,NULL,NULL,NULL
21.374,37.89,"Temple of Aphrodite behind Korkyraike Stoa at Elis","Eleia Bk5 Bk6","Elis polis",['naos'],['6.25.1'],"Elis polis",NULL,NULL,https://wikidata.org/wiki/Q107031202,NULL,NULL,NULL,NULL
24.862219999999997,37.8528,"Andros (island)","Aegean Sea (Hellas)","Cyclades region (Aegean)",['nesos'],['6.14.13'],NULL,https://pleiades.stoa.org/places/589693,NULL,https://wikidata.org/wiki/Q175741,NULL,NULL,NULL,NULL
27.951332,37.042418,Keramos,"Asia Minor (Asia)","Caria region",['demos'],['6.13.3'],NULL,https://pleiades.stoa.org/places/599707,NULL,https://wikidata.org/wiki/Q1054607,NULL,NULL,NULL,NULL
21.6747,37.6488,"Altars at Harpina","Eleia Bk5 Bk6","Harpina (Eleia)",['bomos'],['6.21.8'],"Harpina (Eleia)",NULL,NULL,NULL,NULL,NULL,NULL,NULL
15.29382,37.05963,Syracusae/Syrakousai,"Sicilia (island)","Sicilia (island)",['settlement'],"['1.2.3','1.23.3','10.28.6','2.22.9','5.7.2','5.7.3','5.8.8','6.12.2','6.12.4','6.15.6','6.2.6','6.9.5','7.16.5','8.42.8','8.54.3']",NULL,https://pleiades.stoa.org/places/462503,NULL,https://wikidata.org/wiki/Q4420718,NULL,NULL,NULL,NULL
21.6336,37.637,"Stoa of Agnaptus at Olympia","Eleia Bk5 Bk6","Hippodrome (Olympia)",['stoa'],"['5.15.6','6.20.10','6.20.13']","Hippodrome (Olympia)",NULL,https://topostext.org/place/376216BSAg,https://wikidata.org/wiki/Q107031177,NULL,NULL,NULL,NULL
25.1836,35.2052,Crete,NULL,"Hellas (Europe)",['nesos'],"['1.17.3','1.17.6','1.21.4','1.22.5','1.26.4','1.27.10','1.27.9','1.42.2','10.2.7','10.7.2','2.30.3','2.31.1','2.32.2','2.33.4','2.6.7','2.7.7','3.18.4','3.18.5','3.2.7','5.8.1','6.21.6','7.2.5','7.3.7','7.4.5','7.4.6','7.4.8','8.48.3','8.49.7','8.50.6','8.53.4','9.11.4','9.40.3']",NULL,https://pleiades.stoa.org/places/589748,https://topostext.org/place/352252IKre,https://wikidata.org/wiki/Q4752820,NULL,NULL,NULL,NULL
26.61011,40.35074,Aigospotamos,"Thrace (Europe)","Chersonesus (Thrace)","['battlefield','potamos']","['10.38.10','10.9.11','10.9.9','3.11.5','3.17.4','3.18.8','3.8.6','4.17.3','4.26.2','6.3.15','9.32.7','9.32.9']",NULL,https://pleiades.stoa.org/places/501336,NULL,https://wikidata.org/wiki/Q404513,NULL,NULL,NULL,NULL
21.63076,37.64235,"Sosipolis shrine in temple of Eileithyia, Elis","Eleia Bk5 Bk6","Eileithyia temple at Olympia",['naos'],['6.20.3'],"Eileithyia temple at Olympia",NULL,NULL,NULL,NULL,NULL,NULL,NULL
22.50108,38.48264,"Delphic Oracle, Pytho (Delphi)","Phokis Bk10","Sanctuary of Pythian Apollo at Delphi",['manteion'],"['1.19.3','1.2.5','1.3.4','1.32.5','1.32.6','1.44.9','1.9.3','10.10.6','10.11.5','10.12.1','10.13.8','10.5.5','10.5.6','10.5.7','10.5.8','10.6.6','10.7.3','2.26.7','2.29.7','2.33.2','6.11.7','6.9.7','9.14.2','9.8.2']",NULL,NULL,NULL,https://wikidata.org/wiki/Q682558,NULL,NULL,NULL,NULL
22.992664,37.9158514,"Isthmian Poseidon sanctuary at Isthmia","Corinthia Bk2","Isthmus of Corinth",['hieron'],"['2.1.7','6.12.7','6.12.8','6.14.2','6.15.1','6.15.3','6.15.6','6.17.2','6.20.19','6.3.9','6.4.11','6.4.6']",NULL,https://pleiades.stoa.org/places/570316,NULL,https://wikidata.org/wiki/Q16600469,NULL,NULL,NULL,NULL
21.5377,37.8442,"Ladon/Selleis (river)","Arcadia Bk8","Arcadia Bk8",['potamos'],['6.22.5'],NULL,https://pleiades.stoa.org/places/570409,NULL,https://wikidata.org/wiki/Q15135283,NULL,NULL,NULL,NULL
21.327,37.7,Dyspontion,"Eleia Bk5 Bk6","Eleia Bk5 Bk6",['settlement'],['6.22.4'],NULL,NULL,https://topostext.org/place/377216UDys,https://wikidata.org/wiki/Q3565717,NULL,NULL,NULL,NULL
21.653,37.6395,"City walls of Pisa, completely vanished","Eleia Bk5 Bk6","Pisa (Eleia)",['teichos'],['6.22.1'],"Pisa (Eleia)",NULL,NULL,NULL,NULL,NULL,NULL,NULL
21.788,37.601,"Ridge of Sauros by the Erymanthos river","Eleia Bk5 Bk6","Eleia Bk5 Bk6",['deiras'],['6.21.3'],NULL,NULL,NULL,NULL,NULL,NULL,NULL,NULL
21.63291462,37.6391184,"Marble altar in stadium of Olympia opposite Hellanodikai","Eleia Bk5 Bk6","Olympia Stadium",['bomos'],['6.20.8'],"Olympia Stadium",NULL,NULL,NULL,NULL,NULL,NULL,NULL
21.374,37.89,"Maltho gymnasium at Elis","Eleia Bk5 Bk6","Elis polis",['gymnasion'],"['6.23.5','6.23.6','6.23.7']","Elis polis",NULL,NULL,https://wikidata.org/wiki/Q106996700,NULL,NULL,NULL,NULL
21.6336,37.637,"Taraxippos of Olympia at hippodrome, round altar","Eleia Bk5 Bk6","Hippodrome (Olympia)",['bomos'],['6.20.19'],"Hippodrome (Olympia)",NULL,NULL,NULL,NULL,NULL,NULL,NULL
21.687,37.959,"Tritaia (Achaia)","Achaia Bk7","Achaia Bk7",['polis'],"['6.12.8','6.12.9','7.22.6','7.22.7','7.22.8','7.22.9','7.6.1']",NULL,https://pleiades.stoa.org/places/570755,NULL,https://wikidata.org/wiki/Q16737926,NULL,"Tritia, Triteia",NULL,NULL
26.337061,39.490601,Assos/Apollonia,"Asia Minor (Asia)",Aeolis,['settlement'],['6.4.9'],NULL,https://pleiades.stoa.org/places/550463,NULL,https://wikidata.org/wiki/Q744631,NULL,NULL,NULL,NULL
16.4908,39.71569,Sybaris,"Italia (Europe)","Italia (Europe)",['polis'],"['5.8.9','6.19.9']",NULL,https://pleiades.stoa.org/places/573537,NULL,https://wikidata.org/wiki/Q220583,NULL,NULL,NULL,NULL
21.374,37.89,"Sanctuary of Hades at Elis","Eleia Bk5 Bk6","Elis polis",['hieron'],['6.25.2'],"Elis polis",NULL,https://topostext.org/place/379214STHa,https://wikidata.org/wiki/Q107031204,NULL,NULL,NULL,NULL
27.257012000000003,36.875681,"Kos (settlement)","Aegean Sea (Hellas)","Kos/Cos (island)",['settlement'],"['6.14.12','8.43.4']",NULL,https://pleiades.stoa.org/places/599728,NULL,https://wikidata.org/wiki/Q187027,NULL,NULL,NULL,NULL
23.354208,40.296525,Olynthos,"Macedonia (Europe)","Chalcidike region (Chalkidike)",['settlement'],"['1.29.7','3.5.9','6.17.5']",NULL,https://pleiades.stoa.org/places/491678,NULL,https://wikidata.org/wiki/Q1141669,NULL,NULL,NULL,NULL
21.3746,37.8917,"south stoa of Elis agora, Doric, three sections divided by columns","Eleia Bk5 Bk6","Agora of Elis",['stoa'],['6.24.2'],"Agora of Elis",NULL,NULL,NULL,NULL,NULL,NULL,NULL
21.518,37.901,"Pylos (Eleia)","Eleia Bk5 Bk6","Eleia Bk5 Bk6",['settlement'],"['2.18.7','4.1.3','4.36.1','5.3.1','6.22.5','6.22.6','6.25.2','6.25.3']",NULL,https://pleiades.stoa.org/places/570639,https://topostext.org/place/373216PPyl,https://wikidata.org/wiki/Q7263101,NULL,NULL,NULL,NULL
16.23715,38.20782,"Lokroi Epizephyrioi","Italia (Europe)","Italia (Europe)",['polis'],"['3.3.1','6.6.4']",NULL,https://pleiades.stoa.org/places/452369,NULL,https://wikidata.org/wiki/Q3836325,NULL,NULL,NULL,NULL
27.535590000000003,37.83698,"Lethaios (river, Asia Minor)","Asia (continent)","Ionia (region)",['potamos'],"['1.35.6','10.32.6','5.21.10','6.17.3']",NULL,https://pleiades.stoa.org/places/599765,NULL,NULL,NULL,NULL,NULL,NULL
25.3767,37.1065,"Naxos island polis","Aegean Sea (Hellas)","Cyclades region (Aegean)",['polis'],"['5.10.3','6.16.5']",NULL,https://pleiades.stoa.org/places/599821,NULL,https://wikidata.org/wiki/Q96575378,NULL,NULL,NULL,NULL
22.5,42.5,"Macedonia (Europe)",Europe,"Hellas (Europe)","['major region']","['10.20.5','10.33.3','10.8.4','3.6.8','5.5.1','5.8.11','6.4.10','6.5.5','7.10.7','7.13.1','7.15.11','7.15.2','7.16.1','7.17.2','7.25.6','7.7.7','7.8.3','7.8.8','8.49.5','8.49.6','8.8.11','8.8.12','9.40.8','9.40.9']",NULL,https://pleiades.stoa.org/places/491656,https://topostext.org/place/408225RMak,https://wikidata.org/wiki/Q81734,NULL,NULL,NULL,NULL
23.1743,38.2647,"Leuktra (Boeotia)","Boiotia Bk9","Boiotia Bk9","['battlefield','settlement']","['1.13.4','1.13.5','1.29.11','1.3.4','10.11.5','3.6.1','6.3.3','7.6.8','8.27.8','8.6.2','8.8.10','9.1.8','9.13.3','9.13.4','9.13.5','9.14.1','9.14.3','9.16.5','9.6.4','9.6.5']",NULL,https://pleiades.stoa.org/places/540913,https://topostext.org/place/383231ULeu,https://wikidata.org/wiki/Q2606004,NULL,Leuctra,NULL,NULL
23.34285,37.997,"Megara (Megarid)","Megarid Bk1","Megarid Bk1",['polis'],"['1.35.2','1.36.3','1.39.1','1.39.4','1.39.5','1.39.6','1.40.1','1.41.2','1.41.5','1.41.6','1.41.7','1.43.3','1.43.5','1.44.2','1.44.4','1.44.6','1.5.3','1.5.4','10.11.6','2.34.7','4.36.1','5.23.5','5.26.7','6.7.2','7.15.10','9.2.3']",NULL,https://pleiades.stoa.org/places/570468,https://topostext.org/place/380233PMeg,https://wikidata.org/wiki/Q42307600,NULL,NULL,NULL,NULL
24.019611,35.517333,Kydonia,Crete,Crete,['polis'],"['10.2.7','6.21.6','8.53.4']",NULL,https://pleiades.stoa.org/places/589886,NULL,https://wikidata.org/wiki/Q1481525,NULL,NULL,NULL,NULL
21.4313,37.6729,"Lake with 3 stadia diameter beyond Letrinoi","Eleia Bk5 Bk6","Letrinoi (Eleia)",['limne'],['6.22.11'],"Letrinoi (Eleia)",NULL,NULL,NULL,NULL,NULL,NULL,NULL
21.374,37.89,"Sanctuary of Tyche in Elis","Eleia Bk5 Bk6","Elis polis",['hieron'],['6.25.4'],"Elis polis",NULL,https://topostext.org/place/379214STty,https://wikidata.org/wiki/Q107031207,NULL,NULL,NULL,NULL
21.705,37.6378,"Temple of Athena Kydonia at Phrixa","Eleia Bk5 Bk6","Sanctuary of Athena Kydonia at Phrixa",['naos'],['6.21.6'],"Sanctuary of Athena Kydonia at Phrixa",NULL,NULL,https://wikidata.org/wiki/Q107031182,NULL,NULL,NULL,NULL
21.6311,37.639,"Treasury of the Epidamnians I","Eleia Bk5 Bk6","Treasury terrace north of the Heraion, Olympia",['thesauros'],['6.19.8'],"Treasury terrace north of the Heraion, Olympia",NULL,NULL,https://wikidata.org/wiki/Q106956826,NULL,NULL,NULL,NULL
21.4313,37.6729,"Temple of Artemis Alpheiaia at Letrinoi","Eleia Bk5 Bk6","Letrinoi (Eleia)",['naos'],['6.22.8'],"Letrinoi (Eleia)",NULL,NULL,https://wikidata.org/wiki/Q107031188,https://resource.manto.unh.edu/11259217,NULL,NULL,NULL
21.6311,37.639,"Treasury of the Cyrenaeans at Olympia","Eleia Bk5 Bk6","Treasury terrace north of the Heraion, Olympia",['thesauros'],['6.19.10'],"Treasury terrace north of the Heraion, Olympia",NULL,NULL,NULL,NULL,NULL,NULL,NULL
26.23873,39.9577,Ilium,"Asia Minor (Asia)",Troas,['settlement'],"['1.1.2','1.11.1','1.12.1','1.12.5','1.15.2','1.23.4','1.28.9','1.35.1','1.35.4','1.37.3','1.4.6','1.43.1','10.1.3','10.12.2','10.17.6','10.25.8','10.27.4','10.30.8','10.31.7','10.33.2','10.36.10','10.38.5','2.16.6','2.17.3','2.18.5','2.20.6','2.22.2','2.23.1','2.23.5','2.24.2','2.24.3','2.25.5','2.30.10','2.32.2','2.4.2','3.12.6','3.22.2','3.24.11','3.26.10','3.4.7','3.9.3','5.13.4','5.13.5','5.17.10','5.18.3','5.22.4','5.3.4','5.4.7','6.25.3','7.19.6','7.19.9','7.24.2','7.3.7','7.6.3','8.1.3','8.10.10','8.10.9','8.12.6','8.12.9','8.15.6','8.15.7','8.23.4','8.24.10','8.28.4','8.33.2','8.44.4','8.45.2','8.46.2','8.5.2','8.5.3','8.53.7','8.6.1','9.18.5','9.37.7','9.39.3','9.4.3','9.41.2','9.5.14','9.5.15']",NULL,https://pleiades.stoa.org/places/550595,NULL,https://wikidata.org/wiki/Q22647,NULL,"Troy, Troia, Ilion",NULL,NULL
21.6237,37.638,"Tomb of the Arcadians on hill across Kladeus","Eleia Bk5 Bk6",Olympia,['mnema'],['6.20.6'],NULL,NULL,NULL,NULL,NULL,NULL,NULL,NULL
22.2,38.4,"Ozolian Lokris Bk10",NULL,"Hellas (Europe)",['chora'],"['10.20.2','10.38.1','10.38.4','10.38.8','3.9.9','4.24.7','6.19.5']",NULL,https://pleiades.stoa.org/places/540919,https://topostext.org/place/384222ROzo,https://wikidata.org/wiki/Q4894785,NULL,NULL,NULL,NULL
27.5,37.5,"Caria region","Asia (continent)","Asia Minor (Asia)",['chora'],"['1.1.3','1.29.7','2.30.9','2.5.3','2.7.1','3.26.10','4.35.11','4.5.3','5.24.7','6.13.3','7.3.1','8.45.5']",NULL,https://pleiades.stoa.org/places/599564,NULL,https://wikidata.org/wiki/Q193214,NULL,Karia,NULL,NULL
15.601,38.2155,"Strait of Messina","Sicilia (island)","Sicilia (island)",['strait'],"['4.26.3','5.25.2','5.25.3','5.26.5','6.2.10','6.4.3']",NULL,https://pleiades.stoa.org/places/462494,NULL,https://wikidata.org/wiki/Q134705,NULL,"Sikelikos Porthmos",NULL,NULL
19.44594,41.31497,Dyrrhachium,Europe,"Illyria (Europe)",['polis'],"['6.10.7','6.10.8']",NULL,https://pleiades.stoa.org/places/481818,NULL,https://wikidata.org/wiki/Q3567546,NULL,Epidamnos,NULL,NULL
21.842,37.4075,Phigaleia,"Arcadia Bk8","Arcadia Bk8","['chora','polis']","['3.17.9','4.24.1','5.5.4','6.6.1','8.3.1','8.3.2','8.30.4','8.39.1','8.39.2','8.39.3','8.39.4','8.39.5','8.41.2','8.41.4','8.41.7','8.41.9','8.42.1','8.42.11','8.42.6','8.5.7']",NULL,https://pleiades.stoa.org/places/570598,https://topostext.org/place/374218PPhi,https://wikidata.org/wiki/Q7623270,NULL,"Phigalia Phialia",NULL,NULL
21.71145,37.635009,"Pointy hill of Phrixa opposite Leukyianias river","Eleia Bk5 Bk6",Phrixa,['lophos'],['6.21.6'],Phrixa,NULL,NULL,NULL,NULL,NULL,NULL,NULL
24.717535,40.78201,"Agora of Thasos","Aegean Sea (Hellas)","Thasos polis",['agora'],['6.11.2'],"Thasos polis",NULL,NULL,https://wikidata.org/wiki/Q133963470,NULL,NULL,NULL,NULL
16.578476,38.445422,Kaulonia,"Italia (Europe)","Italia (Europe)",['polis'],['6.3.12'],NULL,https://pleiades.stoa.org/places/452352,NULL,https://wikidata.org/wiki/Q1292498,NULL,NULL,NULL,NULL
21.374,37.89,"Lalichmion Bouleuterion at Elis, in Maltho gymnasium","Eleia Bk5 Bk6","Maltho gymnasium at Elis",['bouleuterion'],['6.23.7'],"Maltho gymnasium at Elis",NULL,NULL,NULL,NULL,NULL,NULL,NULL
22.3933,37.6181,"Mantineia (Arkadia)","Arcadia Bk8","Arcadia Bk8",['polis'],"['1.29.13','1.3.4','10.13.6','10.20.1','2.25.1','2.8.6','6.11.4','6.4.11','8.10.1','8.10.2','8.11.1','8.11.5','8.11.6','8.12.2','8.12.6','8.12.7','8.27.14','8.3.4','8.49.2','8.5.11','8.5.5','8.50.2','8.6.4','8.7.1','8.8.11','8.8.12','8.8.4','8.8.7','8.8.9','8.9.7','8.9.8','9.14.4','9.15.5']",NULL,https://pleiades.stoa.org/places/570459,https://topostext.org/place/376224UMan,https://wikidata.org/wiki/Q1160195,NULL,Mantinea,NULL,NULL
21.6336,37.637,"Mountain at far end of Olympia hippodrome","Eleia Bk5 Bk6","Hippodrome (Olympia)",['oros'],['6.21.1'],"Hippodrome (Olympia)",NULL,NULL,NULL,NULL,NULL,NULL,NULL
16.1315,39.03644,"Lyka spring near Temesa","Italia (Europe)",Temesa/Tempsa,['pege'],['6.6.11'],Temesa/Tempsa,https://pleiades.stoa.org/places/456089,NULL,NULL,NULL,NULL,NULL,NULL
21.41364923,38.13057287,"Larisos (river)","Eleia Bk5 Bk6","Eleia Bk5 Bk6","['horos','potamos']","['6.26.10','7.17.5','8.49.7']",NULL,https://pleiades.stoa.org/places/570415,NULL,https://wikidata.org/wiki/Q3362574,NULL,NULL,NULL,NULL
21.3746,37.8917,"Temple of Apollo Akesios in Agora of Elis","Eleia Bk5 Bk6","Agora of Elis",['naos'],['6.24.6'],"Agora of Elis",NULL,NULL,https://wikidata.org/wiki/Q107031201,NULL,NULL,NULL,NULL
17.946867,40.641136,Brundisium/Brentesion,"Italia (Europe)","Italia (Europe)",['settlement'],['6.19.9'],NULL,https://pleiades.stoa.org/places/442509,NULL,https://wikidata.org/wiki/Q103155084,NULL,NULL,NULL,NULL
22.3557,38.4802,"Myonia/Myania (Phokis)","Phokis Bk10","Phokis Bk10",['polis'],"['10.38.8','6.19.5']",NULL,NULL,https://topostext.org/place/385224PMya,https://wikidata.org/wiki/Q2358920,NULL,NULL,NULL,NULL
48.24854,32.19202,"Susa/Seleucia ad Eulaeum","Asia (continent)","Asia (continent)",['settlement'],"['1.42.3','10.31.7','3.16.8','3.9.5','4.31.5','6.5.7']",NULL,https://pleiades.stoa.org/places/912936,NULL,https://wikidata.org/wiki/Q180773,NULL,NULL,NULL,NULL
21.6336,37.637,"altar at hippodrome of Olympia","Eleia Bk5 Bk6","Hippodrome (Olympia)",['bomos'],['6.20.12'],"Hippodrome (Olympia)",NULL,NULL,NULL,NULL,NULL,NULL,NULL
21.374,37.89,"Poseidon Satrapes monument in Elis","Eleia Bk5 Bk6","Elis polis","['mythic site']","['6.25.5','6.25.6']","Elis polis",NULL,NULL,NULL,NULL,NULL,NULL,NULL
15.649244000000001,38.111146,Rhegion,"Italia (Europe)","Italia (Europe)",['polis'],"['4.23.6','4.26.2','5.25.2','5.26.4','5.26.5','5.27.8','6.6.4']",NULL,https://pleiades.stoa.org/places/452416,NULL,https://wikidata.org/wiki/Q3429952,NULL,NULL,NULL,NULL
16.1315,39.03644,Temesa/Tempsa,"Italia (Europe)","Italia (Europe)",['settlement'],"['6.6.10','6.6.11','6.6.7','6.6.8','6.6.9']",NULL,https://pleiades.stoa.org/places/452469,NULL,https://wikidata.org/wiki/Q3983093,NULL,NULL,NULL,NULL
13.82184,37.96884,Himera,"Sicilia (island)","Sicilia (island)",['settlement'],"['2.22.7','3.19.13','5.23.4','6.4.11']",NULL,https://pleiades.stoa.org/places/462244,NULL,https://wikidata.org/wiki/Q1111219,NULL,NULL,NULL,NULL
21.599,37.533,"Samikon/Samia (Triphylia)","Eleia Bk5 Bk6",Triphylia,['polis'],"['5.5.11','5.5.3','5.5.7','5.6.1','5.6.2','5.6.3','6.25.6']",NULL,https://pleiades.stoa.org/places/570653,https://topostext.org/place/375216USam,https://wikidata.org/wiki/Q3558588,NULL,NULL,NULL,NULL
18.16938,40.35167,Lupiae,"Italia (Europe)","Italia (Europe)",['settlement'],['6.19.9'],NULL,https://pleiades.stoa.org/places/442642,NULL,https://wikidata.org/wiki/Q3974286,NULL,Lupia,NULL,NULL
21.63076,37.64235,"Forepart of Temple of Eileithyia at Olympia","Eleia Bk5 Bk6","Eileithyia temple at Olympia",['naos'],['6.20.3'],"Eileithyia temple at Olympia",NULL,NULL,NULL,NULL,NULL,NULL,NULL
16.1315,39.03644,"temenos and temple or heroon of Hero at Temesa","Italia (Europe)",Temesa/Tempsa,"['naos','temenos']","['6.6.11','6.6.8']",Temesa/Tempsa,https://pleiades.stoa.org/places/456116,NULL,NULL,NULL,"Temple of Polites at Temesa",NULL,NULL
21.3746,37.8917,"open-air space of the agora of Elis","Eleia Bk5 Bk6","Agora of Elis",['hypaithros'],['6.24.3'],"Agora of Elis",NULL,NULL,NULL,NULL,NULL,NULL,NULL
21.63076,37.64235,"Altar of Eileithyia in forepart of temple, Olympia","Eleia Bk5 Bk6","Eileithyia temple at Olympia",['bomos'],['6.20.3'],NULL,NULL,NULL,NULL,NULL,NULL,NULL,NULL
27.833862,37.859752,Tralles,"Asia Minor (Asia)","Ionia (region)",['polis'],['6.14.2'],NULL,https://pleiades.stoa.org/places/599987,NULL,https://wikidata.org/wiki/Q462630,NULL,"Dia/Seleuceia ad Maeandrum/Kaisareia",NULL,NULL
21.863791,37.613569,"Heraia (Arcadia)","Arcadia Bk8","Arcadia Bk8",['polis'],"['3.8.7','3.8.8','5.7.1','6.17.4','8.25.12','8.26.1','8.26.2','8.26.3','8.26.5','8.26.8','8.27.17','8.3.4']",NULL,https://pleiades.stoa.org/places/570287,NULL,https://wikidata.org/wiki/Q3562285,NULL,Heraea,NULL,NULL
21.374,37.89,"Baths at Elis near Maltho gymnasium","Eleia Bk5 Bk6","Elis polis",['loutron'],['6.23.8'],"Elis polis",NULL,NULL,NULL,NULL,NULL,NULL,NULL
21.3746,37.8917,"Temple-like tomb, possibly of Oxylos, in Agora of Elis","Eleia Bk5 Bk6","Agora of Elis",['mnema'],['6.24.9'],"Agora of Elis",NULL,NULL,NULL,https://resource.manto.unh.edu/10268980,NULL,NULL,NULL
22.3584897,40.0862269,"Olympos (mountain in Greece)","Macedonia (Europe)",Pieria,['oros'],"['6.5.5','9.30.11','9.30.9','9.40.8']",NULL,https://pleiades.stoa.org/places/491677,NULL,https://wikidata.org/wiki/Q80344,NULL,NULL,NULL,NULL
16.4927745,39.71705745,"Thurii (Italy)","Italia (Europe)","Italia (Europe)",['polis'],['6.7.4'],NULL,https://pleiades.stoa.org/places/452457,NULL,https://wikidata.org/wiki/Q602564,NULL,NULL,NULL,NULL
21.9195,37.1779,"Messene (Messenia)","Messenia Bk4","Messenia Bk4",['polis'],"['1.25.4','2.20.5','3.1.5','3.3.2','4.1.3','4.1.4','4.12.5','4.12.6','4.16.1','4.16.8','4.20.1','4.20.4','4.21.10','4.21.2','4.22.7','4.23.5','4.23.6','4.26.3','4.26.7','4.27.4','4.27.5','4.27.7','4.28.1','4.29.1','4.29.10','4.29.11','4.29.12','4.29.2','4.29.4','4.29.8','4.3.8','4.31.11','4.31.4','4.31.5','4.32.2','4.34.1','4.4.3','4.6.3','4.6.5','4.9.6','6.2.11','6.3.13','6.4.3','8.34.1','8.35.1','8.49.4','8.5.10','8.5.7','8.50.5','8.51.6','8.51.8','8.52.4','9.14.5','9.15.6']",NULL,https://pleiades.stoa.org/places/570479,https://topostext.org/place/372219PMes,https://wikidata.org/wiki/Q1022117,NULL,NULL,NULL,NULL
21.3746,37.8917,"Korkyraike stoa at Agora of Elis","Eleia Bk5 Bk6","Agora of Elis",['stoa'],"['6.24.4','6.24.5','6.25.1']","Agora of Elis",NULL,NULL,https://wikidata.org/wiki/Q107031196,NULL,"Corcyraean stoa in Elis",NULL,NULL
22.50151,38.48254,"Sanctuary of Pythian Apollo at Delphi","Phokis Bk10","Delphi (polis)",['hieron'],"['1.11.1','1.20.7','1.22.8','1.26.3','1.3.4','1.37.6','1.4.4','1.41.1','1.43.3','1.43.7','1.43.8','1.9.3','10.1.1','10.1.10','10.1.4','10.10.2','10.11.1','10.11.2','10.12.5','10.13.1','10.13.10','10.13.6','10.13.8','10.14.5','10.15.5','10.15.6','10.16.5','10.16.7','10.16.8','10.17.2','10.18.1','10.18.2','10.18.5','10.18.7','10.19.3','10.19.5','10.2.2','10.2.3','10.22.12','10.23.1','10.23.11','10.23.2','10.23.3','10.24.1','10.24.5','10.3.3','10.3.4','10.32.1','10.33.3','10.34.1','10.34.2','10.35.8','10.36.3','10.36.6','10.5.5','10.5.7','10.6.5','10.6.6','10.7.1','10.7.3','10.8.1','10.8.2','10.8.3','10.8.6','10.9.1','10.9.12','10.9.2','10.9.4','10.9.6','2.22.8','2.24.1','2.26.7','2.29.7','2.33.2','3.1.6','3.10.3','3.10.4','3.11.8','3.13.8','3.17.1','3.17.9','3.19.12','3.3.6','3.4.3','3.4.4','3.8.10','3.8.2','3.8.9','4.12.1','4.12.7','4.12.8','4.15.6','4.16.6','4.17.4','4.20.1','4.24.1','4.32.3','4.32.5','4.34.9','4.5.4','4.9.3','5.13.5','5.18.8','5.21.5','5.21.7','5.27.1','5.27.10','5.27.9','5.3.1','5.4.3','5.4.6','5.7.3','6.1.8','6.11.5','6.11.7','6.12.8','6.13.8','6.14.5','6.15.1','6.15.3','6.15.6','6.16.4','6.17.2','6.19.1','6.2.2','6.3.11','6.3.4','6.3.8','6.4.11','6.4.2','6.4.5','6.4.6','6.7.10','6.8.1','6.8.6','6.9.7','7.17.13','7.17.6','7.19.4','7.19.6','7.19.7','7.2.1','7.24.4','7.3.1','8.10.9','8.11.10','8.15.1','8.23.1','8.24.10','8.24.14','8.24.8','8.27.9','8.36.8','8.37.1','8.39.4','8.48.2','8.5.4','8.53.3','8.7.6','8.9.3','9.12.1','9.14.2','9.25.1','9.26.3','9.33.1','9.33.4','9.36.2','9.37.4','9.37.5','9.38.5','9.40.1','9.41.2','9.5.10','9.7.5']",NULL,https://pleiades.stoa.org/places/540726,https://topostext.org/place/385225SDel,https://wikidata.org/wiki/Q125925203,NULL,Pytho,NULL,NULL
21.374,37.89,"Hieros Dromos, sacred running track of Elis","Eleia Bk5 Bk6","Elis polis",['dromos'],['6.23.2'],"Elis polis",NULL,NULL,NULL,NULL,NULL,NULL,NULL
31.2313,30.091800000000003,"Nilus (river)","Libya (Africa)","Egypt (region)",['potamos'],"['1.33.4','1.33.6','1.42.3','1.6.6','1.7.2','10.32.18','2.5.3','4.34.2','4.34.3','5.14.3','5.21.9','5.7.4','6.26.9','8.24.12','8.9.7','9.40.6']",NULL,https://pleiades.stoa.org/places/727172,NULL,https://wikidata.org/wiki/Q3392,NULL,NULL,NULL,NULL
21.374,37.89,"Memorial of Achilles at gymnasium of Elis","Eleia Bk5 Bk6","Gymnasium of Elis","['cenotaph','mnema']","['6.23.3','6.24.1']","Gymnasium of Elis",NULL,NULL,https://wikidata.org/wiki/Q107031198,NULL,NULL,NULL,NULL
21.62845,37.63929,"Gymnasium (Olympia)","Eleia Bk5 Bk6",Olympia,['gymnasion'],"['5.15.8','5.21.17','6.21.2','6.6.3']",NULL,https://pleiades.stoa.org/places/728329643,https://topostext.org/place/376216BOGy,https://wikidata.org/wiki/Q25461278,NULL,NULL,NULL,NULL
21.8313,38.3997,Naupaktos,"Aitolia region","Aitolia region",['polis'],"['10.38.10','10.38.13','10.38.9','4.24.7','4.25.1','4.25.10','4.25.3','4.26.1','4.26.2','4.26.3','4.31.7','4.33.2','5.26.1','5.3.6','6.16.2','6.2.10','7.18.10','9.25.9','9.31.6','9.38.3']",NULL,https://pleiades.stoa.org/places/540960,https://topostext.org/place/384218UNau,https://wikidata.org/wiki/Q56398924,NULL,Naupactus,NULL,NULL
23.7257,37.9717,"Athenian Acropolis (Athens)","Athenai Bk1","Athenai Bk1","['acropolis','hieron','teichos']","['1.18.2','1.21.3','1.21.4','1.22.1','1.22.4','1.22.8','1.23.7','1.24.1','1.24.3','1.25.1','1.25.7','1.25.8','1.26.3','1.26.6','1.27.10','1.27.3','1.27.8','1.28.3','1.30.1','1.5.4','4.36.6','5.11.10','5.21.1','6.8.6','7.25.3','7.27.2','8.10.4','8.23.5','9.35.3','9.35.7','9.4.1']",NULL,https://pleiades.stoa.org/places/638356144,https://topostext.org/place/380237SAkr,https://wikidata.org/wiki/Q131013,NULL,"Acropolis of Athens",NULL,NULL
21.374,37.89,"Sanctuary of Artemis Philomeirax at Elis","Eleia Bk5 Bk6","Elis polis",['hieron'],['6.23.8'],"Elis polis",NULL,NULL,https://wikidata.org/wiki/Q107031199,NULL,NULL,NULL,NULL
21.653,37.6395,"Small building at Pisa housing bones of Pelops","Eleia Bk5 Bk6","Pisa (Eleia)",['oikema'],['6.22.1'],"Pisa (Eleia)",NULL,NULL,NULL,NULL,NULL,NULL,NULL
21.3746,37.8917,"House of the Sixteen in agora of Elis","Eleia Bk5 Bk6","Agora of Elis",['oikema'],['6.24.10'],"Agora of Elis",NULL,NULL,NULL,NULL,NULL,NULL,NULL
21.630126,37.637849,"Treasury of the Geloans at Olympia","Eleia Bk5 Bk6","Treasury terrace north of the Heraion, Olympia",['thesauros'],['6.19.15'],Olympia,NULL,NULL,https://wikidata.org/wiki/Q106953355,NULL,NULL,NULL,NULL
21.73,37.641,"Temple of Asklepios Demainetos, 40 stades beyond Sauros gully, ruined","Eleia Bk5 Bk6","Eleia Bk5 Bk6","['Asclepieion','naos']",['6.21.4'],NULL,NULL,NULL,https://wikidata.org/wiki/Q107031185,NULL,NULL,NULL,NULL
21.62975,37.63754,"Altis sacred grove (Olympia)","Eleia Bk5 Bk6",Olympia,['alsos'],"['5.10.1','5.11.10','5.13.1','5.15.1','5.15.2','5.15.3','5.15.4','5.15.7','5.15.8','5.20.10','5.20.4','5.20.5','5.20.9','5.21.1','5.21.17','5.22.1','5.24.4','5.24.8','5.25.1','5.25.5','5.27.10','5.27.11','5.27.3','5.27.4','6.11.9','6.14.6','6.14.9','6.16.8','6.17.1','6.19.1','6.2.3','6.2.8','6.20.7','6.7.3']",NULL,NULL,https://topostext.org/place/376216SAlt,https://wikidata.org/wiki/Q2400346,NULL,NULL,NULL,NULL
25.3905,35.3186,"Chersonesos (Crete)",Crete,Crete,['settlement'],['6.16.5'],NULL,NULL,https://topostext.org/place/353254PChe,https://wikidata.org/wiki/Q5092564,NULL,NULL,NULL,NULL
21.705,37.6378,"Sanctuary of Athena Kydonia at Phrixa","Eleia Bk5 Bk6","Eleia Bk5 Bk6","['hieron','naos']",['6.21.6'],NULL,NULL,NULL,https://wikidata.org/wiki/Q107031182,NULL,NULL,NULL,NULL
24.862219999999997,37.8528,"Sanctuary of Dionysos at Andros","Aegean Sea (Hellas)","Andros (island)",['hieron'],['6.26.2'],"Andros (island)",NULL,NULL,https://wikidata.org/wiki/Q134038418,NULL,NULL,NULL,NULL
27.363816,37.9498235,"Sanctuary of Ephesian Artemis at Ephesus","Asia Minor (Asia)",Ephesos,['hieron'],"['10.26.6','10.38.6','4.31.8','5.19.2','6.3.15','6.3.16','7.2.7','7.5.4']",NULL,https://pleiades.stoa.org/places/873985034,https://topostext.org/place/379274SEph,https://wikidata.org/wiki/Q43018,https://resource.manto.unh.edu/10267644,NULL,NULL,NULL
23.795769,40.592218,Stageira,"Macedonia (Europe)","Chalcidike region (Chalkidike)",['polis'],['6.4.8'],NULL,https://pleiades.stoa.org/places/501625,NULL,https://wikidata.org/wiki/Q846127,NULL,NULL,NULL,NULL
21.63291462,37.6391184,"starting line at the stadium of Olympia","Eleia Bk5 Bk6","Olympia Stadium",['aphesis'],['6.20.9'],"Olympia Stadium",NULL,NULL,NULL,NULL,NULL,NULL,NULL
19.92178,39.60733,"Corcyra (settlement)","Hellas (Europe)","Ionian Sea (Greece/Italy)",['polis'],"['1.11.6','10.9.3','2.3.9','2.5.2','5.22.4','6.25.1','6.9.9']",NULL,https://pleiades.stoa.org/places/530834,NULL,https://wikidata.org/wiki/Q3693378,NULL,Kerkyra,NULL,NULL
22.1273,37.4124,"Megalopolis (Arkadia)","Arcadia Bk8","Arcadia Bk8",['polis'],"['2.7.4','4.29.7','4.33.3','5.7.1','6.12.8','7.12.3','7.16.4','7.16.6','7.6.8','7.7.4','7.9.4','8.12.2','8.26.5','8.26.8','8.27.1','8.27.11','8.27.13','8.27.14','8.27.15','8.27.5','8.27.8','8.28.7','8.30.1','8.30.2','8.30.3','8.30.7','8.33.1','8.34.1','8.35.1','8.35.3','8.35.5','8.38.3','8.44.1','8.44.4','8.49.2','8.49.4','8.49.7','8.50.4','8.51.8','8.52.4','9.14.4','9.7.1']",NULL,https://pleiades.stoa.org/places/570467,https://topostext.org/place/374221PMeg,https://wikidata.org/wiki/Q36024972,NULL,NULL,NULL,NULL
21.724777,37.439599,Lepreon,"Eleia Bk5 Bk6",Triphylia,['polis'],"['5.5.3','5.5.4','5.5.5','5.5.6','6.15.1','6.3.4','6.3.9']",NULL,https://pleiades.stoa.org/places/570423,NULL,https://wikidata.org/wiki/Q5860679,NULL,NULL,NULL,NULL
21.6336,37.637,"starting line for horse-racing at Olympia","Eleia Bk5 Bk6","Hippodrome (Olympia)",['aphesis'],['6.20.10'],"Hippodrome (Olympia)",NULL,NULL,NULL,NULL,NULL,NULL,NULL
22.0959,37.8914,Kleitor,"Arcadia Bk8","Arcadia Bk8",['polis'],"['10.9.9','5.7.1','6.8.5','6.9.2','8.17.6','8.19.4','8.21.3','8.21.4','8.25.2','8.4.5']",NULL,https://pleiades.stoa.org/places/570359,https://topostext.org/place/379221PKle,https://wikidata.org/wiki/Q2537130,NULL,Cleitor,NULL,NULL
21.63291462,37.6391184,"Seats for dignitaries at stadium of Olympia","Eleia Bk5 Bk6","Olympia Stadium",['thronos'],['6.20.8'],"Olympia Stadium",NULL,NULL,NULL,NULL,NULL,NULL,NULL
12.4843457,41.89262,"Temple of Peace in Rome","Italia (Europe)",Rome,['naos'],['6.9.3'],Rome,NULL,https://topostext.org/place/419125SPax,https://wikidata.org/wiki/Q1456939,NULL,NULL,NULL,NULL
21.1449975,37.9346907,"Sanctuary of Aphrodite at Kyllene","Eleia Bk5 Bk6",Kyllene,['hieron'],['6.26.5'],Kyllene,NULL,NULL,https://wikidata.org/wiki/Q134036741,NULL,NULL,NULL,NULL
36.7,36,"Syria (Asia)","Asia (continent)","Asia (continent)","['major region']","['1.20.7','1.25.8','1.42.3','1.5.5','1.6.4','1.6.8','6.2.7','8.23.5','8.29.3','8.29.4','8.43.4','8.51.4']",NULL,https://pleiades.stoa.org/places/1306,NULL,https://wikidata.org/wiki/Q13415123,NULL,NULL,NULL,NULL
21.798,37.599,"Tomb of Coroebus, Eleian border with Heraia","Eleia Bk5 Bk6","road Heraea to Elis border","['horos','mnema']","['6.21.3','8.26.3','8.26.4']",NULL,NULL,NULL,NULL,https://resource.manto.unh.edu/10268842,NULL,NULL,NULL
22.9,37.67,"Argolid Bk2",NULL,Peloponnesos,['chora'],"['10.10.4','10.15.1','10.18.5','2.1.1','2.15.4','2.15.5','2.16.2','2.18.4','2.18.7','2.20.1','2.24.7','2.25.5','2.26.1','2.28.2','2.29.5','2.35.4','2.36.4','2.38.4','2.38.7','2.7.1','3.2.2','3.23.6','3.4.1','3.5.8','3.5.9','3.7.3','3.7.4','4.11.8','4.29.2','4.34.10','4.34.12','4.35.2','5.10.9','5.23.2','6.20.7','7.25.5','7.26.12','8.1.1','8.1.2','8.22.1','8.22.3','8.27.1','8.3.3','8.33.3','8.4.6','8.54.7','8.6.4','8.6.6','8.7.2']",NULL,https://pleiades.stoa.org/places/570104,https://topostext.org/place/374229RArg,https://wikidata.org/wiki/Q12649101,NULL,"Argolis region",NULL,NULL
36.4825754,35.2728339,"Orontes (river)","Asia (continent)","Syria (Asia)",['potamos'],"['10.20.5','6.2.7','8.20.2','8.29.3','8.33.3']",NULL,https://pleiades.stoa.org/places/658560,NULL,https://wikidata.org/wiki/Q188871,NULL,NULL,NULL,NULL
21.374,37.89,"Sanctuary of the Graces at Elis","Eleia Bk5 Bk6","Elis polis",['hieron'],['6.24.6'],"Elis polis",NULL,NULL,https://wikidata.org/wiki/Q107031200,NULL,NULL,NULL,NULL
21.62845,37.63929,"Stoa of the gymnasium at Olympia facing sunrise","Eleia Bk5 Bk6","Gymnasium (Olympia)",['stoa'],['6.21.2'],"Gymnasium (Olympia)",NULL,NULL,NULL,NULL,NULL,NULL,NULL
17.205128,39.028864,"Temple of Hera Lacinia","Italia (Europe)","Italia (Europe)",['hieron'],['6.13.1'],NULL,https://pleiades.stoa.org/places/452332,NULL,https://wikidata.org/wiki/Q3621968,NULL,NULL,NULL,NULL
21.5873,37.6522,"spring joining the Kytherios river","Eleia Bk5 Bk6","Eleia Bk5 Bk6",['pege'],['6.22.7'],NULL,NULL,NULL,NULL,NULL,NULL,NULL,NULL
29.885661,31.213931,Pharos,"Libya (Africa)","Egypt (region)",['polis'],"['5.7.4','6.23.6']",NULL,https://pleiades.stoa.org/places/727197,NULL,https://wikidata.org/wiki/Q43244,NULL,NULL,NULL,NULL
21.374,37.89,"Ancient temple in agora of Elis, dedicated to the Roman emperors, with no statue and with roof collapsed.","Eleia Bk5 Bk6","Elis polis",['naos'],['6.24.10'],"Elis polis",NULL,NULL,https://wikidata.org/wiki/Q107031203,NULL,NULL,NULL,NULL
21.377,38.212,"Araxos cape (Achaia)","Achaia Bk7","Achaia Bk7",['akra'],['6.26.10'],NULL,https://pleiades.stoa.org/places/570101,https://topostext.org/place/382214LAra,https://wikidata.org/wiki/Q15056188,NULL,NULL,NULL,NULL
27.366012129999998,38.25857286,"Ionia (region)","Asia (continent)","Asia Minor (Asia)",['chora'],"['1.1.5','1.29.5','10.24.1','10.32.4','10.33.2','10.8.6','2.31.6','3.2.1','3.9.6','5.21.13','5.27.12','5.7.5','6.24.2','6.3.15','7.3.7','7.3.8','7.5.10','7.5.12','7.5.13','7.5.4','8.43.4','8.45.5','9.19.8','9.21.6','9.27.1','9.27.8','9.33.2','9.37.8']",NULL,https://pleiades.stoa.org/places/550597,NULL,https://wikidata.org/wiki/Q620874,NULL,NULL,NULL,NULL
21.6308,37.6422,"Altars at sanctuary of Aphrodite Ourania at Olympia","Eleia Bk5 Bk6","Sanctuary of Aphrodite Ourania at Olympia",['bomos'],['6.20.6'],"Sanctuary of Aphrodite Ourania at Olympia",NULL,NULL,NULL,NULL,NULL,NULL,NULL
19.470413,40.720583,Apollonia,Europe,"Illyria (Europe)",['polis'],"['5.22.3','5.22.4','6.14.13']",NULL,https://pleiades.stoa.org/places/481728,NULL,https://wikidata.org/wiki/Q505703,NULL,NULL,NULL,NULL
21.9,38.2,"Achaia Bk7",NULL,Peloponnesos,['chora'],"['2.18.8','2.5.6','3.2.1','5.1.1','5.24.4','5.9.1','6.26.10','7.1.1','7.1.3','7.1.4','7.27.12','7.7.2','8.1.2','8.15.8','8.27.14']",NULL,https://pleiades.stoa.org/places/570028,https://topostext.org/place/382219RAch,https://wikidata.org/wiki/Q2790451,NULL,Achaea,NULL,NULL
22.2693,37.4845,"Mainalos Mt. (Arkadia)","Arcadia Bk8","Arcadia Bk8",['oros'],"['3.11.7','5.27.1','6.6.1','6.6.3','6.8.5','8.27.2','8.3.4','8.36.5','8.36.8','8.9.3']",NULL,https://pleiades.stoa.org/places/570449,https://topostext.org/place/377223LMai,https://wikidata.org/wiki/Q112302501,NULL,Mainaleon,NULL,NULL
21.631643,37.63909,"Megarian Treasury at Olympia","Eleia Bk5 Bk6","Treasury terrace north of the Heraion, Olympia",['thesauros'],['6.19.12'],NULL,NULL,NULL,NULL,NULL,NULL,NULL,NULL
21.3746,37.8917,"part of Korkuraike stoa facing away from Agora of Elis","Eleia Bk5 Bk6","Korkyraike stoa at Agora of Elis",['stoa'],['6.24.5'],"Korkyraike stoa at Agora of Elis",NULL,NULL,NULL,NULL,NULL,NULL,NULL
26.689980000000002,40.34869,Lampsakos,"Asia Minor (Asia)","Mysia (Bithynia)",['polis'],"['10.38.11','6.18.2','6.18.4','9.31.2']",NULL,https://pleiades.stoa.org/places/501570,NULL,https://wikidata.org/wiki/Q1229422,NULL,"Lampsacus Pityoussa",NULL,NULL
21.374,37.89,Menios,"Eleia Bk5 Bk6","Elis polis",['potamos'],"['5.1.10','6.26.1']","Elis polis",https://pleiades.stoa.org/places/573369,NULL,https://wikidata.org/wiki/Q107477417,NULL,NULL,NULL,NULL
21.374,37.89,"plane trees at Xystus running track at Elis","Eleia Bk5 Bk6","Xystos of Elis",['platanos'],['6.23.1'],"Xystos of Elis",NULL,NULL,NULL,NULL,NULL,NULL,NULL
22.5403,39.38533,"Skotoussa (Thessaly)","Hellas (Europe)",Thessalia,['polis'],"['6.5.2','7.27.6']",NULL,https://pleiades.stoa.org/places/541107,NULL,https://wikidata.org/wiki/Q8777773,NULL,NULL,NULL,NULL
24.771,41.0916,"Nestos river (Drama)","Thrace (Europe)","Thrace (Europe)",['potamos'],['6.5.4'],NULL,https://pleiades.stoa.org/places/501524,https://topostext.org/place/418238WNes,https://wikidata.org/wiki/Q193904,NULL,NULL,NULL,NULL
21.234,37.809,"Peneios river of Eleia","Eleia Bk5 Bk6","Eleia Bk5 Bk6",['potamos'],['6.22.5'],NULL,https://pleiades.stoa.org/places/570579,NULL,https://wikidata.org/wiki/Q1233866,NULL,NULL,NULL,NULL
36.165318,36.200663,"Antioch on the Orontes","Asia (continent)","Syria (Asia)",['polis'],"['6.2.7','8.29.3']",NULL,https://pleiades.stoa.org/places/658381,NULL,https://wikidata.org/wiki/Q200441,NULL,Theoupolis,NULL,NULL
21.62975,37.63754,"Stele showing distance to Lakedaimon from Olympia, 660 stadia, by stele of Deinosthenes in Altis","Eleia Bk5 Bk6","Altis sacred grove (Olympia)",['stele'],['6.16.8'],"Altis sacred grove (Olympia)",NULL,NULL,NULL,NULL,NULL,NULL,NULL
-6.411900000000001,36.93672,Tartessos,Europe,"Iberi (Spain)",['settlement'],['6.19.3'],NULL,https://pleiades.stoa.org/places/256468,NULL,https://wikidata.org/wiki/Q320416,NULL,NULL,NULL,NULL
16.824063,40.383868,"theater of Metapontum","Italia (Europe)",Metapontum,['theatron'],['6.19.11'],Metapontum,NULL,NULL,https://wikidata.org/wiki/Q50572394,NULL,"Metapontion theater",NULL,NULL
21.6311,37.639,"Treasury of the Syracusans/Carthaginians at Olympia, next after Sicyonian Treasury","Eleia Bk5 Bk6","Treasury terrace north of the Heraion, Olympia",['thesauros'],['6.19.7'],"Treasury terrace north of the Heraion, Olympia",NULL,NULL,https://wikidata.org/wiki/Q106953399,NULL,NULL,NULL,NULL
21.68221,37.64783,Harpinates,"Eleia Bk5 Bk6","Eleia Bk5 Bk6",['potamos'],['6.21.8'],NULL,https://pleiades.stoa.org/places/573243,NULL,https://wikidata.org/wiki/Q16327010,NULL,NULL,NULL,NULL
23.448834,38.498583,Anthedon,"Boiotia Bk9","Boiotia Bk9",['polis'],"['6.10.1','9.22.5','9.22.6','9.26.2']",NULL,https://pleiades.stoa.org/places/540639,NULL,https://wikidata.org/wiki/Q2857905,NULL,NULL,NULL,NULL
24.420400000000004,38.0165,"Island of Glaukos on territory of Karystos","Euboea (island)",Karystos,['nesos'],['6.10.3'],Karystos,https://pleiades.stoa.org/places/573234,NULL,NULL,NULL,Glaukonnesos,NULL,NULL
22.7,38.6,"Phokis Bk10",NULL,"Hellas (Europe)",['chora'],"['1.20.6','10.1.1','10.1.2','10.1.4','10.17.13','10.23.10','10.30.4','10.33.7','10.34.2','10.35.1','10.35.8','10.37.2','10.38.1','10.4.1','10.4.2','10.5.3','10.8.2','2.29.2','2.29.3','2.4.3','3.5.3','3.9.10','4.31.5','6.19.5','7.14.7','7.15.5','7.18.9','7.3.10','7.7.9','8.1.5','8.4.4','9.17.4','9.36.3','9.40.12']",NULL,https://pleiades.stoa.org/places/541048,https://topostext.org/place/386227RPho,https://wikidata.org/wiki/Q2637650,NULL,"Phocis region",NULL,NULL
21.6336,37.637,"Altar of unbaked brick by hippodrome starting line at Olympia","Eleia Bk5 Bk6","Hippodrome (Olympia)",['bomos'],['6.20.11'],"Hippodrome (Olympia)",NULL,NULL,NULL,NULL,NULL,NULL,NULL
21.374,37.89,"street Gymnasium to Elis agora","Eleia Bk5 Bk6","Elis polis",['hodos'],['6.24.1'],"Elis polis",NULL,NULL,NULL,NULL,NULL,NULL,NULL
21.63066,37.63905,"Sicyonian Treasury at Olympia","Eleia Bk5 Bk6","Treasury terrace north of the Heraion, Olympia",['thesauros'],"['5.14.9','6.19.1','6.19.4','6.19.7']",NULL,NULL,NULL,https://wikidata.org/wiki/Q2231808,NULL,NULL,NULL,NULL
21.31578,38.67111,Stratos,"Aitolia region","Aitolia region",['settlement'],['6.2.1'],NULL,https://pleiades.stoa.org/places/531104,NULL,https://wikidata.org/wiki/Q25408797,NULL,NULL,NULL,NULL
23.8189911,38.05199883,"Attica Bk1","Attica Bk1","Hellas (Europe)",['chora'],"['1.1.1','1.14.2','1.2.6','1.20.6','1.21.1','1.22.3','1.22.7','1.23.5','1.24.5','1.24.8','1.25.6','1.26.3','1.26.5','1.26.6','1.27.10','1.27.2','1.28.10','1.28.11','1.28.4','1.28.9','1.29.2','1.29.6','1.29.7','1.30.4','1.31.1','1.31.3','1.31.5','1.32.1','1.32.3','1.34.1','1.34.2','1.35.1','1.36.3','1.37.7','1.38.1','1.38.4','1.38.8','1.44.10','10.17.5','10.25.2','10.33.4','10.35.8','2.1.1','2.1.6','2.30.9','2.32.9','2.6.5','2.6.6','3.12.7','3.5.1','3.7.10','3.8.6','4.1.8','4.34.8','5.10.4','5.11.7','5.13.8','5.15.7','5.25.13','5.4.7','6.19.12','7.1.5','7.1.9','7.11.8','7.17.2','7.18.2','7.25.2','7.3.6','7.5.5','7.6.3','7.7.7','8.23.3','9.1.1','9.1.6','9.13.6','9.23.5']",NULL,https://pleiades.stoa.org/places/579888,NULL,https://wikidata.org/wiki/Q122443,NULL,NULL,NULL,NULL
21.666,37.642,"Sanctuary of Artemis Kordax east of Pisa","Eleia Bk5 Bk6","Road Erymanthus border to Olympia",['hieron'],['6.22.1'],NULL,NULL,NULL,https://wikidata.org/wiki/Q107031253,https://resource.manto.unh.edu/10268940,NULL,NULL,NULL
27.184167,39.1325,"Tomb of Silenos at Pergamon","Asia Minor (Asia)",Pergamum,['mnema'],['6.24.8'],Pergamum,NULL,NULL,NULL,NULL,NULL,NULL,NULL
14.08648465,37.53667612,"Sicilia (island)",NULL,"Roman empire",['nesos'],"['1.12.5','1.13.1','1.2.3','1.21.4','1.29.11','1.29.13','10.11.3','10.15.5','10.15.6','2.2.5','2.22.9','3.16.4','3.16.5','4.23.6','4.26.2','4.26.5','4.36.4','5.23.6','5.25.5','5.25.6','5.27.1','5.7.3','6.12.3','6.13.8','6.26.4','6.4.3','6.6.7','6.9.4','6.9.5','7.16.5','7.4.6','7.4.7','8.11.12','8.12.8','8.24.6','8.42.8','8.46.2','8.8.6','9.40.4']",NULL,https://pleiades.stoa.org/places/462492,NULL,https://wikidata.org/wiki/Q4951156,NULL,NULL,NULL,NULL
22.3,37.5,"Arcadia Bk8","Arcadia Bk8",Peloponnesos,['chora'],"['10.20.1','10.28.8','10.32.3','2.24.5','3.20.8','3.5.4','3.6.8','3.7.3','3.8.7','4.22.7','4.29.11','4.31.4','5.10.9','5.5.8','5.7.1','6.12.8','6.8.2','7.14.1','7.25.11','7.25.5','7.7.4','7.8.6','8.1.1','8.1.6','8.10.1','8.10.6','8.11.3','8.17.1','8.22.6','8.23.3','8.24.4','8.27.4','8.27.5','8.3.4','8.34.4','8.35.10','8.35.5','8.36.6','8.4.1','8.42.3','8.43.2','8.47.6','8.5.4','8.51.8','8.6.4','8.7.4','8.8.12','9.36.6','9.9.2']",NULL,https://pleiades.stoa.org/places/570102,https://topostext.org/place/375223RArk,https://wikidata.org/wiki/Q12898802,NULL,"Arkadia region",NULL,NULL
23.25,38.35,"Boiotia Bk9",NULL,"Hellas (Europe)",['chora'],"['1.23.3','1.24.5','1.25.7','1.27.5','1.34.1','1.38.8','10.1.2','10.12.11','10.17.3','10.23.11','10.29.5','10.37.2','10.4.2','3.5.3','3.5.4','3.5.6','3.9.12','4.16.7','4.27.10','4.34.5','6.3.3','7.10.5','7.15.9','7.17.2','7.3.6','7.6.5','8.11.5','9.1.1','9.1.3','9.13.3','9.14.6','9.22.5','9.25.9','9.3.4','9.32.2','9.4.3','9.5.1','9.7.4','9.9.2']",NULL,https://pleiades.stoa.org/places/540689,https://topostext.org/place/384233RBoi,https://wikidata.org/wiki/Q187570,NULL,Boeotia,NULL,NULL
26.355280000000004,36.54413,"Astypalaia Ins., Astypalaia","Aegean Sea (Hellas)","Aegean Sea (Hellas)",['nesos'],['6.9.6'],NULL,https://pleiades.stoa.org/places/599535,NULL,https://wikidata.org/wiki/Q216768,NULL,NULL,https://imperium.ahlfeldt.se/places/45911,NULL
25.543589999999995,29.205140000000004,"Ammon oracle in Egypt","Libya (Africa)","Egypt (region)",['manteion'],"['3.18.3','5.15.11','6.8.3','8.11.11']",NULL,https://pleiades.stoa.org/places/716520,https://topostext.org/place/292255SAmm,https://wikidata.org/wiki/Q958997,NULL,NULL,NULL,NULL
21.3746,37.8917,"Hellanodikaion in agora of Elis","Eleia Bk5 Bk6","Agora of Elis",['oikema'],"['6.24.1','6.24.3']","Agora of Elis",NULL,NULL,https://wikidata.org/wiki/Q107031195,NULL,NULL,NULL,NULL
21.3746,37.8917,"Part of Korkuraike stoa facing agora of Elis","Eleia Bk5 Bk6","Korkyraike stoa at Agora of Elis",['stoa'],['6.24.5'],"Korkyraike stoa at Agora of Elis",NULL,NULL,NULL,NULL,NULL,NULL,NULL
26.5,40.33333,"Chersonesus (Thrace)","Thrace (Europe)","Thrace (Europe)","['akra','chora']","['1.10.5','1.34.2','1.9.8','6.19.6']",NULL,https://pleiades.stoa.org/places/501386,NULL,https://wikidata.org/wiki/Q192860,NULL,NULL,NULL,NULL
39,19.5,Sakaia,"Erythraeum Mare","Erythraeum Mare",['nesos'],['6.26.9'],"Erythraeum Mare",NULL,NULL,NULL,NULL,Sacaea,NULL,NULL
21.788,37.601,"Tomb of Sauros by Erymanthos river","Eleia Bk5 Bk6","Ridge of Sauros by the Erymanthos river",['mnema'],['6.21.3'],"Ridge of Sauros by the Erymanthos river",NULL,NULL,https://wikidata.org/wiki/Q107031186,https://resource.manto.unh.edu/10268842,NULL,NULL,NULL
21.856169,32.818736,Cyrene,"Libya (Africa)",Cyrenaica,['polis'],"['1.6.8','1.7.1','1.7.2','10.15.7','10.2.3','3.14.3','3.16.2','6.19.10']",NULL,https://pleiades.stoa.org/places/373778,NULL,https://wikidata.org/wiki/Q44112,NULL,NULL,NULL,NULL
