File,Anchor,Paragraph
"1.1 - 5.5: approaching Athens", ".1.1", "1.1.1"
"1.1 - 5.5: approaching Athens", ".1.2", "1.1.2"
"1.1 - 5.5: approaching Athens", ".1.3", "1.1.3"
"1.1 - 5.5: approaching Athens", ".1.4", "1.1.4"
"1.1 - 5.5: approaching Athens", ".1.5", "1.1.5"
"1.1 - 5.5: approaching Athens", ".2.1", "1.2.1"
"1.1 - 5.5: approaching Athens", ".2.2", "1.2.2"
"1.1 - 5.5: approaching Athens", ".2.3", "1.2.3"
"1.1 - 5.5: approaching Athens", ".2.4", "1.2.4"
"1.1 - 5.5: approaching Athens", ".2.5", "1.2.5"
"1.1 - 5.5: approaching Athens", ".2.6", "1.2.6"
"1.1 - 5.5: approaching Athens", ".3.1", "1.3.1"
"1.1 - 5.5: approaching Athens", ".3.2", "1.3.2"
"1.1 - 5.5: approaching Athens", ".3.3", "1.3.3"
"1.1 - 5.5: approaching Athens", ".3.4", "1.3.4"
"1.1 - 5.5: approaching Athens", ".3.5", "1.3.5"
"1.1 - 5.5: approaching Athens", ".4.1", "1.4.1"
"1.1 - 5.5: approaching Athens", ".4.2", "1.4.2"
"1.1 - 5.5: approaching Athens", ".4.3", "1.4.3"
"1.1 - 5.5: approaching Athens", ".4.4", "1.4.4"
"1.1 - 5.5: approaching Athens", ".4.5", "1.4.5"
"1.1 - 5.5: approaching Athens", ".4.6", "1.4.6"
"1.1 - 5.5: approaching Athens", ".5.1", "1.5.1"
"1.1 - 5.5: approaching Athens", ".5.2", "1.5.2"
"1.1 - 5.5: approaching Athens", ".5.3", "1.5.3"
"1.1 - 5.5: approaching Athens", ".5.4", "1.5.4"
"1.1 - 5.5: approaching Athens", ".5.5", "1.5.5"
"6.1 - 14.7: Kerameikos", ".1.1", "1.6.1"
"6.1 - 14.7: Kerameikos", ".1.2", "1.6.2"
"6.1 - 14.7: Kerameikos", ".1.3", "1.6.3"
"6.1 - 14.7: Kerameikos", ".1.4", "1.6.4"
"6.1 - 14.7: Kerameikos", ".1.5", "1.6.5"
"6.1 - 14.7: Kerameikos", ".1.6", "1.6.6"
"6.1 - 14.7: Kerameikos", ".1.7", "1.6.7"
"6.1 - 14.7: Kerameikos", ".1.8", "1.6.8"
"6.1 - 14.7: Kerameikos", ".2.1", "1.7.1"
"6.1 - 14.7: Kerameikos", ".2.2", "1.7.2"
"6.1 - 14.7: Kerameikos", ".2.3", "1.7.3"
"6.1 - 14.7: Kerameikos", ".3.1", "1.8.1"
"6.1 - 14.7: Kerameikos", ".3.2", "1.8.2"
"6.1 - 14.7: Kerameikos", ".3.3", "1.8.3"
"6.1 - 14.7: Kerameikos", ".3.4", "1.8.4"
"6.1 - 14.7: Kerameikos", ".3.5", "1.8.5"
"6.1 - 14.7: Kerameikos", ".3.6", "1.8.6"
"6.1 - 14.7: Kerameikos", ".4.1", "1.9.1"
"6.1 - 14.7: Kerameikos", ".4.2", "1.9.2"
"6.1 - 14.7: Kerameikos", ".4.3", "1.9.3"
"6.1 - 14.7: Kerameikos", ".4.4", "1.9.4"
"6.1 - 14.7: Kerameikos", ".4.5", "1.9.5"
"6.1 - 14.7: Kerameikos", ".4.6", "1.9.6"
"6.1 - 14.7: Kerameikos", ".4.7", "1.9.7"
"6.1 - 14.7: Kerameikos", ".4.8", "1.9.8"
"6.1 - 14.7: Kerameikos", ".5.1", "1.10.1"
"6.1 - 14.7: Kerameikos", ".5.2", "1.10.2"
"6.1 - 14.7: Kerameikos", ".5.3", "1.10.3"
"6.1 - 14.7: Kerameikos", ".5.4", "1.10.4"
"6.1 - 14.7: Kerameikos", ".5.5", "1.10.5"
"6.1 - 14.7: Kerameikos", ".6.1", "1.11.1"
"6.1 - 14.7: Kerameikos", ".6.2", "1.11.2"
"6.1 - 14.7: Kerameikos", ".6.3", "1.11.3"
"6.1 - 14.7: Kerameikos", ".6.4", "1.11.4"
"6.1 - 14.7: Kerameikos", ".6.5", "1.11.5"
"6.1 - 14.7: Kerameikos", ".6.6", "1.11.6"
"6.1 - 14.7: Kerameikos", ".6.7", "1.11.7"
"6.1 - 14.7: Kerameikos", ".7.1", "1.12.1"
"6.1 - 14.7: Kerameikos", ".7.2", "1.12.2"
"6.1 - 14.7: Kerameikos", ".7.3", "1.12.3"
"6.1 - 14.7: Kerameikos", ".7.4", "1.12.4"
"6.1 - 14.7: Kerameikos", ".7.5", "1.12.5"
"6.1 - 14.7: Kerameikos", ".8.1", "1.13.1"
"6.1 - 14.7: Kerameikos", ".8.2", "1.13.2"
"6.1 - 14.7: Kerameikos", ".8.3", "1.13.3"
"6.1 - 14.7: Kerameikos", ".8.4", "1.13.4"
"6.1 - 14.7: Kerameikos", ".8.5", "1.13.5"
"6.1 - 14.7: Kerameikos", ".8.6", "1.13.6"
"6.1 - 14.7: Kerameikos", ".8.7", "1.13.7"
"6.1 - 14.7: Kerameikos", ".8.8", "1.13.8"
"6.1 - 14.7: Kerameikos", ".8.9", "1.13.9"
"6.1 - 14.7: Kerameikos", ".9.1", "1.14.1"
"6.1 - 14.7: Kerameikos", ".9.2", "1.14.2"
"6.1 - 14.7: Kerameikos", ".9.3", "1.14.3"
"6.1 - 14.7: Kerameikos", ".9.4", "1.14.4"
"6.1 - 14.7: Kerameikos", ".9.5", "1.14.5"
"6.1 - 14.7: Kerameikos", ".9.6", "1.14.6"
"6.1 - 14.7: Kerameikos", ".9.7", "1.14.7"
"15.1 - 21.7: Agora", ".1.1", "1.15.1"
"15.1 - 21.7: Agora", ".1.2", "1.15.2"
"15.1 - 21.7: Agora", ".1.3", "1.15.3"
"15.1 - 21.7: Agora", ".1.4", "1.15.4"
"15.1 - 21.7: Agora", ".2.1", "1.16.1"
"15.1 - 21.7: Agora", ".2.2", "1.16.2"
"15.1 - 21.7: Agora", ".2.3", "1.16.3"
"15.1 - 21.7: Agora", ".3.1", "1.17.1"
"15.1 - 21.7: Agora", ".3.2", "1.17.2"
"15.1 - 21.7: Agora", ".3.3", "1.17.3"
"15.1 - 21.7: Agora", ".3.4", "1.17.4"
"15.1 - 21.7: Agora", ".3.5", "1.17.5"
"15.1 - 21.7: Agora", ".3.6", "1.17.6"
"15.1 - 21.7: Agora", ".4.1", "1.18.1"
"15.1 - 21.7: Agora", ".4.2", "1.18.2"
"15.1 - 21.7: Agora", ".4.3", "1.18.3"
"15.1 - 21.7: Agora", ".4.4", "1.18.4"
"15.1 - 21.7: Agora", ".4.5", "1.18.5"
"15.1 - 21.7: Agora", ".4.6", "1.18.6"
"15.1 - 21.7: Agora", ".4.7", "1.18.7"
"15.1 - 21.7: Agora", ".4.8", "1.18.8"
"15.1 - 21.7: Agora", ".4.9", "1.18.9"
"15.1 - 21.7: Agora", ".5.1", "1.19.1"
"15.1 - 21.7: Agora", ".5.2", "1.19.2"
"15.1 - 21.7: Agora", ".5.3", "1.19.3"
"15.1 - 21.7: Agora", ".5.4", "1.19.4"
"15.1 - 21.7: Agora", ".5.5", "1.19.5"
"15.1 - 21.7: Agora", ".5.6", "1.19.6"
"15.1 - 21.7: Agora", ".6.1", "1.20.1"
"15.1 - 21.7: Agora", ".6.2", "1.20.2"
"15.1 - 21.7: Agora", ".6.3", "1.20.3"
"15.1 - 21.7: Agora", ".6.4", "1.20.4"
"15.1 - 21.7: Agora", ".6.5", "1.20.5"
"15.1 - 21.7: Agora", ".6.6", "1.20.6"
"15.1 - 21.7: Agora", ".6.7", "1.20.7"
"15.1 - 21.7: Agora", ".7.1", "1.21.1"
"15.1 - 21.7: Agora", ".7.2", "1.21.2"
"15.1 - 21.7: Agora", ".7.3", "1.21.3"
"15.1 - 21.7: Agora", ".7.4", "1.21.4"
"15.1 - 21.7: Agora", ".7.5", "1.21.5"
"15.1 - 21.7: Agora", ".7.6", "1.21.6"
"15.1 - 21.7: Agora", ".7.7", "1.21.7"
"22.1 - 30.4: Acropolis", ".1.1", "1.22.1"
"22.1 - 30.4: Acropolis", ".1.2", "1.22.2"
"22.1 - 30.4: Acropolis", ".1.3", "1.22.3"
"22.1 - 30.4: Acropolis", ".1.4", "1.22.4"
"22.1 - 30.4: Acropolis", ".1.5", "1.22.5"
"22.1 - 30.4: Acropolis", ".1.6", "1.22.6"
"22.1 - 30.4: Acropolis", ".1.7", "1.22.7"
"22.1 - 30.4: Acropolis", ".1.8", "1.22.8"
"22.1 - 30.4: Acropolis", ".2.1", "1.23.1"
"22.1 - 30.4: Acropolis", ".2.2", "1.23.2"
"22.1 - 30.4: Acropolis", ".2.3", "1.23.3"
"22.1 - 30.4: Acropolis", ".2.4", "1.23.4"
"22.1 - 30.4: Acropolis", ".2.5", "1.23.5"
"22.1 - 30.4: Acropolis", ".2.6", "1.23.6"
"22.1 - 30.4: Acropolis", ".2.7", "1.23.7"
"22.1 - 30.4: Acropolis", ".2.8", "1.23.8"
"22.1 - 30.4: Acropolis", ".2.9", "1.23.9"
"22.1 - 30.4: Acropolis", ".2.10", "1.23.10"
"22.1 - 30.4: Acropolis", ".3.1", "1.24.1"
"22.1 - 30.4: Acropolis", ".3.2", "1.24.2"
"22.1 - 30.4: Acropolis", ".3.3", "1.24.3"
"22.1 - 30.4: Acropolis", ".3.4", "1.24.4"
"22.1 - 30.4: Acropolis", ".3.5", "1.24.5"
"22.1 - 30.4: Acropolis", ".3.6", "1.24.6"
"22.1 - 30.4: Acropolis", ".3.7", "1.24.7"
"22.1 - 30.4: Acropolis", ".3.8", "1.24.8"
"22.1 - 30.4: Acropolis", ".4.1", "1.25.1"
"22.1 - 30.4: Acropolis", ".4.2", "1.25.2"
"22.1 - 30.4: Acropolis", ".4.3", "1.25.3"
"22.1 - 30.4: Acropolis", ".4.4", "1.25.4"
"22.1 - 30.4: Acropolis", ".4.5", "1.25.5"
"22.1 - 30.4: Acropolis", ".4.6", "1.25.6"
"22.1 - 30.4: Acropolis", ".4.7", "1.25.7"
"22.1 - 30.4: Acropolis", ".4.8", "1.25.8"
"22.1 - 30.4: Acropolis", ".5.1", "1.26.1"
"22.1 - 30.4: Acropolis", ".5.2", "1.26.2"
"22.1 - 30.4: Acropolis", ".5.3", "1.26.3"
"22.1 - 30.4: Acropolis", ".5.4", "1.26.4"
"22.1 - 30.4: Acropolis", ".5.5", "1.26.5"
"22.1 - 30.4: Acropolis", ".5.6", "1.26.6"
"22.1 - 30.4: Acropolis", ".5.7", "1.26.7"
"22.1 - 30.4: Acropolis", ".6.1", "1.27.1"
"22.1 - 30.4: Acropolis", ".6.2", "1.27.2"
"22.1 - 30.4: Acropolis", ".6.3", "1.27.3"
"22.1 - 30.4: Acropolis", ".6.4", "1.27.4"
"22.1 - 30.4: Acropolis", ".6.5", "1.27.5"
"22.1 - 30.4: Acropolis", ".6.6", "1.27.6"
"22.1 - 30.4: Acropolis", ".6.7", "1.27.7"
"22.1 - 30.4: Acropolis", ".6.8", "1.27.8"
"22.1 - 30.4: Acropolis", ".6.9", "1.27.9"
"22.1 - 30.4: Acropolis", ".6.10", "1.27.10"
"22.1 - 30.4: Acropolis", ".7.1", "1.28.1"
"22.1 - 30.4: Acropolis", ".7.2", "1.28.2"
"22.1 - 30.4: Acropolis", ".7.3", "1.28.3"
"22.1 - 30.4: Acropolis", ".7.4", "1.28.4"
"22.1 - 30.4: Acropolis", ".7.5", "1.28.5"
"22.1 - 30.4: Acropolis", ".7.6", "1.28.6"
"22.1 - 30.4: Acropolis", ".7.7", "1.28.7"
"22.1 - 30.4: Acropolis", ".7.8", "1.28.8"
"22.1 - 30.4: Acropolis", ".7.9", "1.28.9"
"22.1 - 30.4: Acropolis", ".7.10", "1.28.10"
"22.1 - 30.4: Acropolis", ".7.11", "1.28.11"
"22.1 - 30.4: Acropolis", ".8.1", "1.29.1"
"22.1 - 30.4: Acropolis", ".8.2", "1.29.2"
"22.1 - 30.4: Acropolis", ".8.3", "1.29.3"
"22.1 - 30.4: Acropolis", ".8.4", "1.29.4"
"22.1 - 30.4: Acropolis", ".8.5", "1.29.5"
"22.1 - 30.4: Acropolis", ".8.6", "1.29.6"
"22.1 - 30.4: Acropolis", ".8.7", "1.29.7"
"22.1 - 30.4: Acropolis", ".8.8", "1.29.8"
"22.1 - 30.4: Acropolis", ".8.9", "1.29.9"
"22.1 - 30.4: Acropolis", ".8.10", "1.29.10"
"22.1 - 30.4: Acropolis", ".8.11", "1.29.11"
"22.1 - 30.4: Acropolis", ".8.12", "1.29.12"
"22.1 - 30.4: Acropolis", ".8.13", "1.29.13"
"22.1 - 30.4: Acropolis", ".8.14", "1.29.14"
"22.1 - 30.4: Acropolis", ".8.15", "1.29.15"
"22.1 - 30.4: Acropolis", ".8.16", "1.29.16"
"22.1 - 30.4: Acropolis", ".9.1", "1.30.1"
"22.1 - 30.4: Acropolis", ".9.2", "1.30.2"
"22.1 - 30.4: Acropolis", ".9.3", "1.30.3"
"22.1 - 30.4: Acropolis", ".9.4", "1.30.4"
"31.1 - 38.9: Attic demes", ".1.1", "1.31.1"
"31.1 - 38.9: Attic demes", ".1.2", "1.31.2"
"31.1 - 38.9: Attic demes", ".1.3", "1.31.3"
"31.1 - 38.9: Attic demes", ".1.4", "1.31.4"
"31.1 - 38.9: Attic demes", ".1.5", "1.31.5"
"31.1 - 38.9: Attic demes", ".1.6", "1.31.6"
"31.1 - 38.9: Attic demes", ".2.1", "1.32.1"
"31.1 - 38.9: Attic demes", ".2.2", "1.32.2"
"31.1 - 38.9: Attic demes", ".2.3", "1.32.3"
"31.1 - 38.9: Attic demes", ".2.4", "1.32.4"
"31.1 - 38.9: Attic demes", ".2.5", "1.32.5"
"31.1 - 38.9: Attic demes", ".2.6", "1.32.6"
"31.1 - 38.9: Attic demes", ".2.7", "1.32.7"
"31.1 - 38.9: Attic demes", ".3.1", "1.33.1"
"31.1 - 38.9: Attic demes", ".3.2", "1.33.2"
"31.1 - 38.9: Attic demes", ".3.3", "1.33.3"
"31.1 - 38.9: Attic demes", ".3.4", "1.33.4"
"31.1 - 38.9: Attic demes", ".3.5", "1.33.5"
"31.1 - 38.9: Attic demes", ".3.6", "1.33.6"
"31.1 - 38.9: Attic demes", ".3.7", "1.33.7"
"31.1 - 38.9: Attic demes", ".3.8", "1.33.8"
"31.1 - 38.9: Attic demes", ".4.1", "1.34.1"
"31.1 - 38.9: Attic demes", ".4.2", "1.34.2"
"31.1 - 38.9: Attic demes", ".4.3", "1.34.3"
"31.1 - 38.9: Attic demes", ".4.4", "1.34.4"
"31.1 - 38.9: Attic demes", ".4.5", "1.34.5"
"31.1 - 38.9: Attic demes", ".5.1", "1.35.1"
"31.1 - 38.9: Attic demes", ".5.2", "1.35.2"
"31.1 - 38.9: Attic demes", ".5.3", "1.35.3"
"31.1 - 38.9: Attic demes", ".5.4", "1.35.4"
"31.1 - 38.9: Attic demes", ".5.5", "1.35.5"
"31.1 - 38.9: Attic demes", ".5.6", "1.35.6"
"31.1 - 38.9: Attic demes", ".5.7", "1.35.7"
"31.1 - 38.9: Attic demes", ".5.8", "1.35.8"
"31.1 - 38.9: Attic demes", ".6.1", "1.36.1"
"31.1 - 38.9: Attic demes", ".6.2", "1.36.2"
"31.1 - 38.9: Attic demes", ".6.3", "1.36.3"
"31.1 - 38.9: Attic demes", ".6.4", "1.36.4"
"31.1 - 38.9: Attic demes", ".6.5", "1.36.5"
"31.1 - 38.9: Attic demes", ".6.6", "1.36.6"
"31.1 - 38.9: Attic demes", ".7.1", "1.37.1"
"31.1 - 38.9: Attic demes", ".7.2", "1.37.2"
"31.1 - 38.9: Attic demes", ".7.3", "1.37.3"
"31.1 - 38.9: Attic demes", ".7.4", "1.37.4"
"31.1 - 38.9: Attic demes", ".7.5", "1.37.5"
"31.1 - 38.9: Attic demes", ".7.6", "1.37.6"
"31.1 - 38.9: Attic demes", ".7.7", "1.37.7"
"31.1 - 38.9: Attic demes", ".8.1", "1.38.1"
"31.1 - 38.9: Attic demes", ".8.2", "1.38.2"
"31.1 - 38.9: Attic demes", ".8.3", "1.38.3"
"31.1 - 38.9: Attic demes", ".8.4", "1.38.4"
"31.1 - 38.9: Attic demes", ".8.5", "1.38.5"
"31.1 - 38.9: Attic demes", ".8.6", "1.38.6"
"31.1 - 38.9: Attic demes", ".8.7", "1.38.7"
"31.1 - 38.9: Attic demes", ".8.8", "1.38.8"
"31.1 - 38.9: Attic demes", ".8.9", "1.38.9"
"39.1 - 44.10: Megara", ".1.1", "1.39.1"
"39.1 - 44.10: Megara", ".1.2", "1.39.2"
"39.1 - 44.10: Megara", ".1.3", "1.39.3"
"39.1 - 44.10: Megara", ".1.4", "1.39.4"
"39.1 - 44.10: Megara", ".1.5", "1.39.5"
"39.1 - 44.10: Megara", ".1.6", "1.39.6"
"39.1 - 44.10: Megara", ".2.1", "1.40.1"
"39.1 - 44.10: Megara", ".2.2", "1.40.2"
"39.1 - 44.10: Megara", ".2.3", "1.40.3"
"39.1 - 44.10: Megara", ".2.4", "1.40.4"
"39.1 - 44.10: Megara", ".2.5", "1.40.5"
"39.1 - 44.10: Megara", ".2.6", "1.40.6"
"39.1 - 44.10: Megara", ".3.1", "1.41.1"
"39.1 - 44.10: Megara", ".3.2", "1.41.2"
"39.1 - 44.10: Megara", ".3.3", "1.41.3"
"39.1 - 44.10: Megara", ".3.4", "1.41.4"
"39.1 - 44.10: Megara", ".3.5", "1.41.5"
"39.1 - 44.10: Megara", ".3.6", "1.41.6"
"39.1 - 44.10: Megara", ".3.7", "1.41.7"
"39.1 - 44.10: Megara", ".3.8", "1.41.8"
"39.1 - 44.10: Megara", ".3.9", "1.41.9"
"39.1 - 44.10: Megara", ".4.1", "1.42.1"
"39.1 - 44.10: Megara", ".4.2", "1.42.2"
"39.1 - 44.10: Megara", ".4.3", "1.42.3"
"39.1 - 44.10: Megara", ".4.4", "1.42.4"
"39.1 - 44.10: Megara", ".4.5", "1.42.5"
"39.1 - 44.10: Megara", ".4.6", "1.42.6"
"39.1 - 44.10: Megara", ".4.7", "1.42.7"
"39.1 - 44.10: Megara", ".5.1", "1.43.1"
"39.1 - 44.10: Megara", ".5.2", "1.43.2"
"39.1 - 44.10: Megara", ".5.3", "1.43.3"
"39.1 - 44.10: Megara", ".5.4", "1.43.4"
"39.1 - 44.10: Megara", ".5.5", "1.43.5"
"39.1 - 44.10: Megara", ".5.6", "1.43.6"
"39.1 - 44.10: Megara", ".5.7", "1.43.7"
"39.1 - 44.10: Megara", ".5.8", "1.43.8"
"39.1 - 44.10: Megara", ".6.1", "1.44.1"
"39.1 - 44.10: Megara", ".6.2", "1.44.2"
"39.1 - 44.10: Megara", ".6.3", "1.44.3"
"39.1 - 44.10: Megara", ".6.4", "1.44.4"
"39.1 - 44.10: Megara", ".6.5", "1.44.5"
"39.1 - 44.10: Megara", ".6.6", "1.44.6"
"39.1 - 44.10: Megara", ".6.7", "1.44.7"
"39.1 - 44.10: Megara", ".6.8", "1.44.8"
"39.1 - 44.10: Megara", ".6.9", "1.44.9"
"39.1 - 44.10: Megara", ".6.10", "1.44.10"
"1.1-5.5", ".1.1", "2.1.1"
"1.1-5.5", ".1.2", "2.1.2"
"1.1-5.5", ".1.3", "2.1.3"
"1.1-5.5", ".1.4", "2.1.4"
"1.1-5.5", ".1.5", "2.1.5"
"1.1-5.5", ".1.6", "2.1.6"
"1.1-5.5", ".1.7", "2.1.7"
"1.1-5.5", ".1.8", "2.1.8"
"1.1-5.5", ".1.9", "2.1.9"
"1.1-5.5", ".2.1", "2.2.1"
"1.1-5.5", ".2.2", "2.2.2"
"1.1-5.5", ".2.3", "2.2.3"
"1.1-5.5", ".2.4", "2.2.4"
"1.1-5.5", ".2.5", "2.2.5"
"1.1-5.5", ".2.6", "2.2.6"
"1.1-5.5", ".2.7", "2.2.7"
"1.1-5.5", ".2.8", "2.2.8"
"1.1-5.5", ".3.1", "2.3.1"
"1.1-5.5", ".3.2", "2.3.2"
"1.1-5.5", ".3.3", "2.3.3"
"1.1-5.5", ".3.4", "2.3.4"
"1.1-5.5", ".3.5", "2.3.5"
"1.1-5.5", ".3.6", "2.3.6"
"1.1-5.5", ".3.7", "2.3.7"
"1.1-5.5", ".3.8", "2.3.8"
"1.1-5.5", ".3.9", "2.3.9"
"1.1-5.5", ".3.10", "2.3.10"
"1.1-5.5", ".3.11", "2.3.11"
"1.1-5.5", ".4.1", "2.4.1"
"1.1-5.5", ".4.2", "2.4.2"
"1.1-5.5", ".4.3", "2.4.3"
"1.1-5.5", ".4.4", "2.4.4"
"1.1-5.5", ".4.5", "2.4.5"
"1.1-5.5", ".4.6", "2.4.6"
"1.1-5.5", ".4.7", "2.4.7"
"1.1-5.5", ".5.1", "2.5.1"
"1.1-5.5", ".5.2", "2.5.2"
"1.1-5.5", ".5.3", "2.5.3"
"1.1-5.5", ".5.4", "2.5.4"
"1.1-5.5", ".5.5", "2.5.5"
"5.6-11.2", ".1.1", "2.5.6"
"5.6-11.2", ".1.2", "2.5.7"
"5.6-11.2", ".1.3", "2.5.8"
"5.6-11.2", ".2.1", "2.6.1"
"5.6-11.2", ".2.2", "2.6.2"
"5.6-11.2", ".2.3", "2.6.3"
"5.6-11.2", ".2.4", "2.6.4"
"5.6-11.2", ".2.5", "2.6.5"
"5.6-11.2", ".2.6", "2.6.6"
"5.6-11.2", ".2.7", "2.6.7"
"5.6-11.2", ".3.1", "2.7.1"
"5.6-11.2", ".3.2", "2.7.2"
"5.6-11.2", ".3.3", "2.7.3"
"5.6-11.2", ".3.4", "2.7.4"
"5.6-11.2", ".3.5", "2.7.5"
"5.6-11.2", ".3.6", "2.7.6"
"5.6-11.2", ".3.7", "2.7.7"
"5.6-11.2", ".3.8", "2.7.8"
"5.6-11.2", ".3.9", "2.7.9"
"5.6-11.2", ".4.1", "2.8.1"
"5.6-11.2", ".4.2", "2.8.2"
"5.6-11.2", ".4.3", "2.8.3"
"5.6-11.2", ".4.4", "2.8.4"
"5.6-11.2", ".4.5", "2.8.5"
"5.6-11.2", ".4.6", "2.8.6"
"5.6-11.2", ".5.1", "2.9.1"
"5.6-11.2", ".5.2", "2.9.2"
"5.6-11.2", ".5.3", "2.9.3"
"5.6-11.2", ".5.4", "2.9.4"
"5.6-11.2", ".5.5", "2.9.5"
"5.6-11.2", ".5.6", "2.9.6"
"5.6-11.2", ".5.7", "2.9.7"
"5.6-11.2", ".5.8", "2.9.8"
"5.6-11.2", ".6.1", "2.10.1"
"5.6-11.2", ".6.2", "2.10.2"
"5.6-11.2", ".6.3", "2.10.3"
"5.6-11.2", ".6.4", "2.10.4"
"5.6-11.2", ".6.5", "2.10.5"
"5.6-11.2", ".6.6", "2.10.6"
"5.6-11.2", ".6.7", "2.10.7"
"5.6-11.2", ".7.1", "2.11.1"
"5.6-11.2", ".7.2", "2.11.2"
"11.3-14.4", ".1.1", "2.11.3"
"11.3-14.4", ".1.2", "2.11.4"
"11.3-14.4", ".1.3", "2.11.5"
"11.3-14.4", ".1.4", "2.11.6"
"11.3-14.4", ".1.5", "2.11.7"
"11.3-14.4", ".1.6", "2.11.8"
"11.3-14.4", ".2.1", "2.12.1"
"11.3-14.4", ".2.2", "2.12.2"
"11.3-14.4", ".2.3", "2.12.3"
"11.3-14.4", ".2.4", "2.12.4"
"11.3-14.4", ".2.5", "2.12.5"
"11.3-14.4", ".2.6", "2.12.6"
"11.3-14.4", ".3.1", "2.13.1"
"11.3-14.4", ".3.2", "2.13.2"
"11.3-14.4", ".3.3", "2.13.3"
"11.3-14.4", ".3.4", "2.13.4"
"11.3-14.4", ".3.5", "2.13.5"
"11.3-14.4", ".3.6", "2.13.6"
"11.3-14.4", ".3.7", "2.13.7"
"11.3-14.4", ".3.8", "2.13.8"
"11.3-14.4", ".4.1", "2.14.1"
"11.3-14.4", ".4.2", "2.14.2"
"11.3-14.4", ".4.3", "2.14.3"
"11.3-14.4", ".4.4", "2.14.4"
"15.1-17.7", ".1.1", "2.15.1"
"15.1-17.7", ".1.2", "2.15.2"
"15.1-17.7", ".1.3", "2.15.3"
"15.1-17.7", ".1.4", "2.15.4"
"15.1-17.7", ".1.5", "2.15.5"
"15.1-17.7", ".2.1", "2.16.1"
"15.1-17.7", ".2.2", "2.16.2"
"15.1-17.7", ".2.3", "2.16.3"
"15.1-17.7", ".2.4", "2.16.4"
"15.1-17.7", ".2.5", "2.16.5"
"15.1-17.7", ".2.6", "2.16.6"
"15.1-17.7", ".2.7", "2.16.7"
"15.1-17.7", ".3.1", "2.17.1"
"15.1-17.7", ".3.2", "2.17.2"
"15.1-17.7", ".3.3", "2.17.3"
"15.1-17.7", ".3.4", "2.17.4"
"15.1-17.7", ".3.5", "2.17.5"
"15.1-17.7", ".3.6", "2.17.6"
"15.1-17.7", ".3.7", "2.17.7"
"18.1-24-4", ".1.1", "2.18.1"
"18.1-24-4", ".1.2", "2.18.2"
"18.1-24-4", ".1.3", "2.18.3"
"18.1-24-4", ".1.4", "2.18.4"
"18.1-24-4", ".1.5", "2.18.5"
"18.1-24-4", ".1.6", "2.18.6"
"18.1-24-4", ".1.7", "2.18.7"
"18.1-24-4", ".1.8", "2.18.8"
"18.1-24-4", ".1.9", "2.18.9"
"18.1-24-4", ".2.1", "2.19.1"
"18.1-24-4", ".2.2", "2.19.2"
"18.1-24-4", ".2.3", "2.19.3"
"18.1-24-4", ".2.4", "2.19.4"
"18.1-24-4", ".2.5", "2.19.5"
"18.1-24-4", ".2.6", "2.19.6"
"18.1-24-4", ".2.7", "2.19.7"
"18.1-24-4", ".2.8", "2.19.8"
"18.1-24-4", ".3.1", "2.20.1"
"18.1-24-4", ".3.2", "2.20.2"
"18.1-24-4", ".3.3", "2.20.3"
"18.1-24-4", ".3.4", "2.20.4"
"18.1-24-4", ".3.5", "2.20.5"
"18.1-24-4", ".3.6", "2.20.6"
"18.1-24-4", ".3.7", "2.20.7"
"18.1-24-4", ".3.8", "2.20.8"
"18.1-24-4", ".3.9", "2.20.9"
"18.1-24-4", ".3.10", "2.20.10"
"18.1-24-4", ".4.1", "2.21.1"
"18.1-24-4", ".4.2", "2.21.2"
"18.1-24-4", ".4.3", "2.21.3"
"18.1-24-4", ".4.4", "2.21.4"
"18.1-24-4", ".4.5", "2.21.5"
"18.1-24-4", ".4.6", "2.21.6"
"18.1-24-4", ".4.7", "2.21.7"
"18.1-24-4", ".4.8", "2.21.8"
"18.1-24-4", ".4.9", "2.21.9"
"18.1-24-4", ".4.10", "2.21.10"
"18.1-24-4", ".5.1", "2.22.1"
"18.1-24-4", ".5.2", "2.22.2"
"18.1-24-4", ".5.3", "2.22.3"
"18.1-24-4", ".5.4", "2.22.4"
"18.1-24-4", ".5.5", "2.22.5"
"18.1-24-4", ".5.6", "2.22.6"
"18.1-24-4", ".5.7", "2.22.7"
"18.1-24-4", ".5.8", "2.22.8"
"18.1-24-4", ".5.9", "2.22.9"
"18.1-24-4", ".6.1", "2.23.1"
"18.1-24-4", ".6.2", "2.23.2"
"18.1-24-4", ".6.3", "2.23.3"
"18.1-24-4", ".6.4", "2.23.4"
"18.1-24-4", ".6.5", "2.23.5"
"18.1-24-4", ".6.6", "2.23.6"
"18.1-24-4", ".6.7", "2.23.7"
"18.1-24-4", ".6.8", "2.23.8"
"18.1-24-4", ".7.1", "2.24.1"
"18.1-24-4", ".7.2", "2.24.2"
"18.1-24-4", ".7.3", "2.24.3"
"18.1-24-4", ".7.4", "2.24.4"
"24.5-25.10", ".1.1", "2.24.5"
"24.5-25.10", ".1.2", "2.24.6"
"24.5-25.10", ".1.3", "2.24.7"
"24.5-25.10", ".2.1", "2.25.1"
"24.5-25.10", ".2.2", "2.25.2"
"24.5-25.10", ".2.3", "2.25.3"
"24.5-25.10", ".2.4", "2.25.4"
"24.5-25.10", ".2.5", "2.25.5"
"24.5-25.10", ".2.6", "2.25.6"
"24.5-25.10", ".2.7", "2.25.7"
"24.5-25.10", ".2.8", "2.25.8"
"24.5-25.10", ".2.9", "2.25.9"
"24.5-25.10", ".2.10", "2.25.10"
"26.1-29.1", ".1.1", "2.26.1"
"26.1-29.1", ".1.2", "2.26.2"
"26.1-29.1", ".1.3", "2.26.3"
"26.1-29.1", ".1.4", "2.26.4"
"26.1-29.1", ".1.5", "2.26.5"
"26.1-29.1", ".1.6", "2.26.6"
"26.1-29.1", ".1.7", "2.26.7"
"26.1-29.1", ".1.8", "2.26.8"
"26.1-29.1", ".1.9", "2.26.9"
"26.1-29.1", ".1.10", "2.26.10"
"26.1-29.1", ".2.1", "2.27.1"
"26.1-29.1", ".2.2", "2.27.2"
"26.1-29.1", ".2.3", "2.27.3"
"26.1-29.1", ".2.4", "2.27.4"
"26.1-29.1", ".2.5", "2.27.5"
"26.1-29.1", ".2.6", "2.27.6"
"26.1-29.1", ".2.7", "2.27.7"
"26.1-29.1", ".3.1", "2.28.1"
"26.1-29.1", ".3.2", "2.28.2"
"26.1-29.1", ".3.3", "2.28.3"
"26.1-29.1", ".3.4", "2.28.4"
"26.1-29.1", ".3.5", "2.28.5"
"26.1-29.1", ".3.6", "2.28.6"
"26.1-29.1", ".3.7", "2.28.7"
"26.1-29.1", ".3.8", "2.28.8"
"26.1-29.1", ".4.1", "2.29.1"
"29.2-34.3", ".1.1", "2.29.2"
"29.2-34.3", ".1.2", "2.29.3"
"29.2-34.3", ".1.3", "2.29.4"
"29.2-34.3", ".1.4", "2.29.5"
"29.2-34.3", ".1.5", "2.29.6"
"29.2-34.3", ".1.6", "2.29.7"
"29.2-34.3", ".1.7", "2.29.8"
"29.2-34.3", ".1.8", "2.29.9"
"29.2-34.3", ".1.9", "2.29.10"
"29.2-34.3", ".1.10", "2.29.11"
"29.2-34.3", ".2.1", "2.30.1"
"29.2-34.3", ".2.2", "2.30.2"
"29.2-34.3", ".2.3", "2.30.3"
"29.2-34.3", ".2.4", "2.30.4"
"29.2-34.3", ".2.5", "2.30.5"
"29.2-34.3", ".2.6", "2.30.6"
"29.2-34.3", ".2.7", "2.30.7"
"29.2-34.3", ".2.8", "2.30.8"
"29.2-34.3", ".2.9", "2.30.9"
"29.2-34.3", ".2.10", "2.30.10"
"29.2-34.3", ".3.1", "2.31.1"
"29.2-34.3", ".3.2", "2.31.2"
"29.2-34.3", ".3.3", "2.31.3"
"29.2-34.3", ".3.4", "2.31.4"
"29.2-34.3", ".3.5", "2.31.5"
"29.2-34.3", ".3.6", "2.31.6"
"29.2-34.3", ".3.7", "2.31.7"
"29.2-34.3", ".3.8", "2.31.8"
"29.2-34.3", ".3.9", "2.31.9"
"29.2-34.3", ".3.10", "2.31.10"
"29.2-34.3", ".4.1", "2.32.1"
"29.2-34.3", ".4.2", "2.32.2"
"29.2-34.3", ".4.3", "2.32.3"
"29.2-34.3", ".4.4", "2.32.4"
"29.2-34.3", ".4.5", "2.32.5"
"29.2-34.3", ".4.6", "2.32.6"
"29.2-34.3", ".4.7", "2.32.7"
"29.2-34.3", ".4.8", "2.32.8"
"29.2-34.3", ".4.9", "2.32.9"
"29.2-34.3", ".4.10", "2.32.10"
"29.2-34.3", ".5.1", "2.33.1"
"29.2-34.3", ".5.2", "2.33.2"
"29.2-34.3", ".5.3", "2.33.3"
"29.2-34.3", ".5.4", "2.33.4"
"29.2-34.3", ".5.5", "2.33.5"
"29.2-34.3", ".6.1", "2.34.1"
"29.2-34.3", ".6.2", "2.34.2"
"29.2-34.3", ".6.3", "2.34.3"
"34.4-38.7", ".1.1", "2.34.4"
"34.4-38.7", ".1.2", "2.34.5"
"34.4-38.7", ".1.3", "2.34.6"
"34.4-38.7", ".1.4", "2.34.7"
"34.4-38.7", ".1.5", "2.34.8"
"34.4-38.7", ".1.6", "2.34.9"
"34.4-38.7", ".1.7", "2.34.10"
"34.4-38.7", ".1.8", "2.34.11"
"34.4-38.7", ".1.9", "2.34.12"
"34.4-38.7", ".2.1", "2.35.1"
"34.4-38.7", ".2.2", "2.35.2"
"34.4-38.7", ".2.3", "2.35.3"
"34.4-38.7", ".2.4", "2.35.4"
"34.4-38.7", ".2.5", "2.35.5"
"34.4-38.7", ".2.6", "2.35.6"
"34.4-38.7", ".2.7", "2.35.7"
"34.4-38.7", ".2.8", "2.35.8"
"34.4-38.7", ".2.9", "2.35.9"
"34.4-38.7", ".2.10", "2.35.10"
"34.4-38.7", ".2.11", "2.35.11"
"34.4-38.7", ".3.1", "2.36.1"
"34.4-38.7", ".3.2", "2.36.2"
"34.4-38.7", ".3.3", "2.36.3"
"34.4-38.7", ".3.4", "2.36.4"
"34.4-38.7", ".3.5", "2.36.5"
"34.4-38.7", ".3.6", "2.36.6"
"34.4-38.7", ".3.7", "2.36.7"
"34.4-38.7", ".3.8", "2.36.8"
"34.4-38.7", ".4.1", "2.37.1"
"34.4-38.7", ".4.2", "2.37.2"
"34.4-38.7", ".4.3", "2.37.3"
"34.4-38.7", ".4.4", "2.37.4"
"34.4-38.7", ".4.5", "2.37.5"
"34.4-38.7", ".4.6", "2.37.6"
"34.4-38.7", ".5.1", "2.38.1"
"34.4-38.7", ".5.2", "2.38.2"
"34.4-38.7", ".5.3", "2.38.3"
"34.4-38.7", ".5.4", "2.38.4"
"34.4-38.7", ".5.5", "2.38.5"
"34.4-38.7", ".5.6", "2.38.6"
"34.4-38.7", ".5.7", "2.38.7"
